account_id,account_name,industry,country,signup_date,referral_source,plan_tier_x,seats_x,is_trial,churn_flag,subscription_id,plan_tier_y,seats_y,mrr_amount,arr_amount,billing_frequency,auto_renew_flag,subscription_age_days,total_upgrades,total_downgrades,total_usage,average_usage,average_usage_duration,total_errors,beta_feature_usage,unique_features_used,total_support_tickets,average_resolution_time,average_first_response_time,average_satisfaction,escalation_count,account_age_days,revenue_per_seat,customer_activity_score,ticket_resolution_efficiency,usage_per_feature,error_rate,satisfaction_index
A-2e4581,Company_0,EdTech,US,2024-10-16,partner,Basic,9,False,False,S-3d7bed,Basic,44,836,10032,monthly,True,620,1,0,82.0,10.25,3042.0,5.0,1.0,7.0,2.0,23.0,91.0,3.0,0.0,687,19.0,62.0,0.041666666666666664,11.714285714285714,0.06097560975609756,0.125
A-43a9e3,Company_1,FinTech,IN,2023-08-17,other,Basic,18,False,True,S-fa8c75,Pro,18,882,10584,monthly,True,787,3,0,40.0,13.333333333333334,3293.3333333333335,1.0,0.0,3.0,3.0,38.0,73.33333333333333,4.0,0.0,1113,49.0,23.0,0.02564102564102564,13.333333333333334,0.025,0.10256410256410256
A-0a282f,Company_2,DevTools,US,2024-08-27,organic,Basic,1,False,False,S-9c414f,Pro,2,98,1176,annual,True,615,1,1,55.0,11.0,3655.8,4.0,0.0,4.0,3.0,43.666666666666664,63.666666666666664,4.666666666666667,0.0,737,49.0,32.0,0.02238805970149254,13.75,0.07272727272727272,0.10447761194029852
A-1f0ac7,Company_3,HealthTech,UK,2023-08-27,other,Basic,24,True,False,S-fccc09,Pro,24,1176,14112,monthly,True,622,2,0,69.0,9.857142857142858,2096.1428571428573,3.0,1.0,6.0,2.0,29.0,174.0,,0.0,1103,49.0,53.0,0.03333333333333333,11.5,0.043478260869565216,
A-ce550d,Company_4,HealthTech,US,2024-10-27,event,Enterprise,35,False,True,S-79d1e0,Enterprise,109,21691,260292,monthly,True,611,2,0,117.0,13.0,5213.333333333333,7.0,2.0,9.0,7.0,42.285714285714285,107.85714285714286,3.8,1.0,676,199.0,68.0,0.023102310231023104,13.0,0.05982905982905983,0.08778877887788779
A-1b9609,Company_5,EdTech,IN,2023-10-12,ads,Enterprise,4,False,False,S-afa7a7,Enterprise,25,0,0,annual,True,700,0,0,27.0,9.0,1847.3333333333333,2.0,1.0,3.0,4.0,43.0,74.75,3.0,0.0,1057,0.0,3.0,0.022727272727272728,9.0,0.07407407407407407,0.06818181818181818
A-a0ca4e,Company_6,Cybersecurity,US,2024-03-08,ads,Pro,11,False,False,S-d26ff6,Enterprise,26,5174,62088,monthly,True,641,0,0,44.0,8.8,2615.4,1.0,0.0,5.0,6.0,39.166666666666664,89.83333333333333,3.8,3.0,909,199.0,12.0,0.024896265560165977,8.8,0.022727272727272728,0.0946058091286307
A-e5d6ab,Company_7,EdTech,US,2023-04-15,partner,Pro,3,False,False,S-7b211a,Pro,32,1568,18816,annual,True,662,0,0,38.0,9.5,2045.5,0.0,0.0,4.0,3.0,42.666666666666664,57.0,,0.0,1237,49.0,23.0,0.022900763358778626,9.5,0.0,
A-7dacce,Company_8,Cybersecurity,CA,2024-09-10,event,Enterprise,12,False,True,S-31d765,Pro,12,0,0,annual,True,638,1,0,39.0,7.8,1534.0,4.0,1.0,5.0,4.0,32.5,75.25,3.6666666666666665,0.0,723,0.0,11.0,0.029850746268656716,7.8,0.10256410256410256,0.10945273631840795
A-10b8da,Company_9,DevTools,US,2023-05-08,partner,Enterprise,14,False,True,S-6eb56d,Pro,34,1666,19992,monthly,True,719,1,0,51.0,10.2,2868.6,1.0,1.0,5.0,3.0,31.333333333333332,71.33333333333333,3.5,0.0,1214,49.0,34.0,0.030927835051546396,10.2,0.0196078431372549,0.10824742268041239
A-592832,Company_10,Cybersecurity,US,2024-09-25,organic,Basic,18,False,True,S-0c63de,Pro,18,882,10584,annual,False,611,1,1,50.0,10.0,3648.4,4.0,1.0,5.0,3.0,32.666666666666664,80.66666666666667,5.0,0.0,708,49.0,27.0,0.029702970297029705,10.0,0.08,0.14851485148514854
A-d40bf7,Company_11,FinTech,IN,2024-11-08,organic,Basic,59,False,False,S-7cd9fa,Basic,59,1121,13452,monthly,True,613,1,0,35.0,11.666666666666666,2081.6666666666665,0.0,1.0,3.0,2.0,20.5,125.5,5.0,0.0,664,19.0,25.0,0.046511627906976744,11.666666666666666,0.0,0.23255813953488372
A-6c093d,Company_12,DevTools,US,2023-04-14,partner,Basic,7,True,False,S-4fc62f,Enterprise,7,0,0,annual,True,630,2,0,35.0,11.666666666666666,5059.333333333333,3.0,1.0,3.0,3.0,40.333333333333336,68.33333333333333,5.0,1.0,1238,0.0,14.0,0.024193548387096774,11.666666666666666,0.08571428571428572,0.12096774193548387
A-462d45,Company_13,Cybersecurity,US,2024-01-15,partner,Enterprise,11,True,False,S-82c91a,Pro,30,1470,17640,annual,True,632,1,2,44.0,8.8,3705.8,1.0,0.0,5.0,4.0,26.75,95.0,4.0,0.0,962,49.0,22.0,0.036036036036036036,8.8,0.022727272727272728,0.14414414414414414
A-956988,Company_14,EdTech,UK,2024-11-30,ads,Enterprise,1,False,False,S-f2ccdd,Enterprise,32,6368,76416,annual,True,612,0,1,9.0,9.0,5238.0,0.0,0.0,1.0,2.0,50.5,118.0,3.0,0.0,642,199.0,-1.0,0.019417475728155338,9.0,0.0,0.058252427184466014
A-ac14bb,Company_15,FinTech,US,2023-09-08,partner,Enterprise,21,False,False,S-049667,Basic,28,532,6384,annual,True,792,2,0,108.0,12.0,4890.777777777777,5.0,1.0,9.0,2.0,24.5,30.5,4.0,0.0,1091,19.0,88.0,0.0392156862745098,12.0,0.046296296296296294,0.1568627450980392
A-463db0,Company_16,HealthTech,US,2024-12-05,partner,Basic,15,False,False,S-3eb56d,Pro,15,735,8820,annual,True,611,0,0,40.0,8.0,2496.0,5.0,0.0,4.0,6.0,50.166666666666664,94.83333333333333,4.25,1.0,637,49.0,0.0,0.01954397394136808,10.0,0.125,0.08306188925081434
A-ce66f8,Company_17,EdTech,CA,2023-08-23,event,Pro,29,False,False,S-2f138c,Pro,29,1421,17052,annual,True,768,0,0,108.0,12.0,3425.777777777778,1.0,3.0,8.0,6.0,41.666666666666664,79.16666666666667,3.5,0.0,1107,49.0,76.0,0.0234375,13.5,0.009259259259259259,0.08203125
A-c4ea60,Company_18,FinTech,DE,2023-03-09,other,Enterprise,18,False,True,S-a3791c,Enterprise,18,3582,42984,monthly,True,625,0,1,38.0,9.5,1707.75,0.0,1.0,4.0,5.0,36.0,59.0,3.6,0.0,1274,199.0,13.0,0.02702702702702703,9.5,0.0,0.0972972972972973
A-832ec2,Company_19,FinTech,UK,2023-11-19,event,Enterprise,4,True,False,S-460deb,Enterprise,22,4378,52536,annual,False,645,3,0,86.0,10.75,4111.75,6.0,0.0,8.0,3.0,26.0,108.66666666666667,4.0,1.0,1019,199.0,59.0,0.037037037037037035,10.75,0.06976744186046512,0.14814814814814814
A-684255,Company_20,FinTech,US,2024-04-14,ads,Enterprise,9,False,False,S-65731a,Basic,9,0,0,annual,True,627,3,1,51.0,10.2,4390.0,1.0,0.0,5.0,4.0,14.25,97.75,4.666666666666667,1.0,872,0.0,29.0,0.06557377049180328,10.2,0.0196078431372549,0.3060109289617487
A-c42f1f,Company_21,HealthTech,US,2024-07-28,other,Pro,8,False,False,S-62b4fc,Basic,8,152,1824,monthly,True,613,1,1,16.0,8.0,2720.0,1.0,0.0,2.0,9.0,31.333333333333332,81.88888888888889,4.0,1.0,767,19.0,-31.0,0.030927835051546396,8.0,0.0625,0.12371134020618559
A-4e44e8,Company_22,DevTools,US,2024-08-20,ads,Enterprise,3,False,True,S-99efdc,Enterprise,17,3383,40596,annual,True,623,2,0,66.0,13.2,5166.2,9.0,0.0,4.0,3.0,31.333333333333332,76.66666666666667,3.3333333333333335,0.0,744,199.0,33.0,0.030927835051546396,16.5,0.13636363636363635,0.10309278350515466
A-30b4ca,Company_23,EdTech,IN,2024-05-20,organic,Basic,86,False,True,S-f9ec8f,Basic,86,1634,19608,annual,True,700,0,0,64.0,9.142857142857142,1918.7142857142858,5.0,2.0,7.0,3.0,57.666666666666664,108.33333333333333,4.0,0.0,836,19.0,39.0,0.017045454545454548,9.142857142857142,0.078125,0.06818181818181819
A-9f2731,Company_24,FinTech,IN,2024-10-04,event,Enterprise,1,False,False,S-c5f3d4,Pro,5,0,0,annual,True,650,0,1,76.0,10.857142857142858,2784.8571428571427,9.0,1.0,7.0,,,,,,699,0.0,,,10.857142857142858,0.11842105263157894,
A-32fb14,Company_25,DevTools,US,2023-03-07,event,Enterprise,26,False,True,S-33598f,Enterprise,26,5174,62088,annual,True,663,2,0,58.0,11.6,3454.6,4.0,1.0,4.0,5.0,34.0,59.6,4.5,0.0,1276,199.0,25.0,0.02857142857142857,14.5,0.06896551724137931,0.12857142857142856
A-00cac8,Company_26,HealthTech,AU,2023-09-15,organic,Enterprise,8,True,False,S-c0ca82,Pro,19,931,11172,annual,True,640,0,1,67.0,11.166666666666666,2942.0,4.0,0.0,6.0,2.0,33.0,120.5,,0.0,1084,49.0,49.0,0.029411764705882353,11.166666666666666,0.05970149253731343,
A-35083d,Company_27,HealthTech,IN,2023-04-28,partner,Basic,19,False,True,S-22be2c,Enterprise,49,9751,117012,monthly,True,627,3,0,38.0,12.666666666666666,2760.6666666666665,1.0,0.0,3.0,4.0,49.75,119.0,5.0,0.0,1224,199.0,16.0,0.019704433497536946,12.666666666666666,0.02631578947368421,0.09852216748768473
A-eb7fac,Company_28,DevTools,US,2023-10-28,organic,Enterprise,7,False,False,S-9464f8,Basic,26,494,5928,monthly,True,681,0,0,46.0,9.2,3426.6,4.0,0.0,5.0,4.0,34.0,126.5,4.0,0.0,1041,19.0,18.0,0.02857142857142857,9.2,0.08695652173913043,0.11428571428571428
A-b20d99,Company_29,HealthTech,IN,2023-09-27,other,Basic,20,False,False,S-d6f31b,Enterprise,20,3980,47760,monthly,True,669,1,0,71.0,10.142857142857142,2890.8571428571427,2.0,2.0,7.0,2.0,61.5,27.0,3.5,0.0,1072,199.0,57.0,0.016,10.142857142857142,0.028169014084507043,0.056
A-396e5f,Company_30,Cybersecurity,CA,2024-10-02,other,Enterprise,2,False,False,S-467918,Pro,34,1666,19992,monthly,False,623,2,1,73.0,9.125,3374.25,5.0,0.0,7.0,5.0,24.8,102.8,4.0,1.0,701,49.0,38.0,0.03875968992248062,10.428571428571429,0.0684931506849315,0.15503875968992248
A-45ce7a,Company_31,FinTech,US,2023-07-23,ads,Enterprise,16,False,False,S-41128b,Enterprise,16,3184,38208,monthly,True,659,2,1,62.0,12.4,3791.6,2.0,0.0,5.0,5.0,45.4,91.8,3.6666666666666665,0.0,1138,199.0,33.0,0.021551724137931036,12.4,0.03225806451612903,0.07902298850574713
A-08e34e,Company_32,EdTech,US,2024-06-27,event,Basic,14,False,True,S-6b534f,Enterprise,14,2786,33432,monthly,True,611,0,0,72.0,12.0,3961.3333333333335,4.0,1.0,6.0,3.0,43.0,84.0,3.0,0.0,798,199.0,49.0,0.022727272727272728,12.0,0.05555555555555555,0.06818181818181818
A-8145a0,Company_33,Cybersecurity,AU,2023-04-25,partner,Basic,2,True,False,S-d7c21d,Basic,15,285,3420,monthly,True,625,2,0,48.0,9.6,2522.0,3.0,1.0,3.0,6.0,23.666666666666668,90.16666666666667,4.0,0.0,1227,19.0,12.0,0.040540540540540536,16.0,0.0625,0.16216216216216214
A-bad8c1,Company_34,FinTech,AU,2023-03-01,organic,Basic,7,False,False,S-6bdda7,Pro,37,1813,21756,monthly,True,822,2,0,76.0,9.5,3545.0,1.0,2.0,8.0,1.0,27.0,49.0,4.0,0.0,1282,49.0,69.0,0.03571428571428571,9.5,0.013157894736842105,0.14285714285714285
A-44dc83,Company_35,EdTech,FR,2024-05-12,other,Basic,5,False,False,S-df3e3d,Enterprise,13,0,0,annual,True,646,0,0,51.0,10.2,3249.4,1.0,0.0,5.0,7.0,40.857142857142854,76.14285714285714,4.6,0.0,844,0.0,14.0,0.023890784982935155,10.2,0.0196078431372549,0.1098976109215017
A-f446b6,Company_36,DevTools,DE,2023-05-12,ads,Pro,5,True,False,S-57800a,Basic,5,95,1140,annual,True,725,0,0,26.0,8.666666666666666,2340.0,0.0,0.0,2.0,8.0,30.75,82.5,4.25,1.0,1210,19.0,-14.0,0.031496062992125984,13.0,0.0,0.13385826771653542
A-a45270,Company_37,HealthTech,US,2024-06-24,ads,Enterprise,3,False,False,S-a50803,Basic,66,0,0,annual,True,619,2,1,70.0,11.666666666666666,3652.0,8.0,0.0,6.0,4.0,64.0,110.0,4.0,0.0,801,0.0,34.0,0.015384615384615385,11.666666666666666,0.11428571428571428,0.06153846153846154
A-854864,Company_38,FinTech,IN,2024-12-07,event,Enterprise,20,False,False,S-676254,Pro,20,980,11760,annual,True,611,0,0,63.0,10.5,3645.8333333333335,2.0,0.0,6.0,5.0,44.2,100.8,4.8,0.0,635,49.0,34.0,0.022123893805309734,10.5,0.031746031746031744,0.10619469026548672
A-1b7577,Company_39,Cybersecurity,US,2024-10-27,other,Pro,4,False,False,S-94fa70,Pro,41,2009,24108,monthly,True,612,0,1,71.0,10.142857142857142,2568.8571428571427,0.0,1.0,7.0,5.0,27.2,109.4,4.0,0.0,676,49.0,46.0,0.03546099290780142,10.142857142857142,0.0,0.14184397163120568
A-05f0e5,Company_40,FinTech,US,2023-05-04,partner,Basic,32,False,False,S-e5bed6,Pro,58,2842,34104,annual,True,649,2,0,41.0,8.2,2076.2,5.0,1.0,5.0,4.0,20.0,108.5,4.0,0.0,1218,49.0,11.0,0.047619047619047616,8.2,0.12195121951219512,0.19047619047619047
A-9077b0,Company_41,HealthTech,US,2024-08-25,ads,Basic,2,False,False,S-2cb298,Enterprise,2,398,4776,annual,True,622,3,0,70.0,11.666666666666666,3880.8333333333335,2.0,0.0,6.0,3.0,40.333333333333336,136.33333333333334,4.333333333333333,0.0,739,199.0,51.0,0.024193548387096774,11.666666666666666,0.02857142857142857,0.10483870967741934
A-7f8241,Company_42,EdTech,US,2023-03-14,organic,Pro,34,False,True,S-b2cfac,Enterprise,34,6766,81192,monthly,False,618,2,0,32.0,10.666666666666666,2610.3333333333335,1.0,0.0,3.0,1.0,36.0,135.0,3.0,0.0,1269,199.0,25.0,0.02702702702702703,10.666666666666666,0.03125,0.08108108108108109
A-2bc93d,Company_43,HealthTech,US,2023-03-14,event,Basic,14,False,False,S-104053,Pro,35,1715,20580,monthly,True,622,4,0,61.0,7.625,2659.625,5.0,1.0,8.0,2.0,12.0,78.0,4.5,0.0,1269,49.0,41.0,0.07692307692307693,7.625,0.08196721311475409,0.34615384615384615
A-f3ff05,Company_44,FinTech,IN,2024-07-06,other,Enterprise,2,False,False,S-180b6c,Basic,30,570,6840,monthly,True,640,1,0,15.0,7.5,2200.0,0.0,0.0,2.0,3.0,42.666666666666664,111.33333333333333,3.5,0.0,789,19.0,0.0,0.022900763358778626,7.5,0.0,0.08015267175572519
A-2d4502,Company_45,FinTech,IN,2024-04-29,event,Basic,7,False,False,S-71cb15,Enterprise,34,6766,81192,annual,True,630,2,0,7.0,7.0,1638.0,0.0,0.0,1.0,3.0,26.333333333333332,82.0,5.0,0.0,857,199.0,-8.0,0.03658536585365854,7.0,0.0,0.1829268292682927
A-6a4e2d,Company_46,EdTech,UK,2023-04-07,partner,Pro,9,False,False,S-63e282,Pro,14,686,8232,annual,True,688,2,1,37.0,9.25,2198.5,0.0,0.0,4.0,2.0,18.5,141.0,4.5,1.0,1245,49.0,27.0,0.05128205128205128,9.25,0.0,0.23076923076923075
A-eb7c38,Company_47,DevTools,AU,2024-02-25,organic,Enterprise,5,False,False,S-a76521,Basic,33,627,7524,annual,True,638,3,1,73.0,12.166666666666666,3013.6666666666665,3.0,0.0,6.0,5.0,22.4,67.4,4.333333333333333,0.0,921,19.0,42.0,0.042735042735042736,12.166666666666666,0.0410958904109589,0.18518518518518517
A-c37601,Company_48,EdTech,US,2024-10-31,partner,Basic,6,True,False,S-eae806,Enterprise,54,10746,128952,monthly,False,612,0,0,68.0,8.5,2430.625,5.0,1.0,7.0,4.0,42.25,83.0,3.6666666666666665,0.0,672,199.0,38.0,0.023121387283236993,9.714285714285714,0.07352941176470588,0.08477842003853564
A-3b5cd1,Company_49,FinTech,US,2023-09-12,event,Basic,13,True,False,S-fc3dcb,Enterprise,32,6368,76416,annual,True,618,2,1,68.0,11.333333333333334,3791.8333333333335,1.0,2.0,5.0,5.0,27.4,46.6,4.0,0.0,1087,199.0,41.0,0.035211267605633804,13.6,0.014705882352941176,0.14084507042253522
A-b2225d,Company_50,FinTech,US,2024-03-08,ads,Basic,47,False,True,S-380617,Basic,47,893,10716,annual,True,632,1,1,75.0,9.375,3342.375,1.0,1.0,8.0,2.0,42.0,38.0,3.0,0.0,909,19.0,63.0,0.023255813953488372,9.375,0.013333333333333334,0.06976744186046512
A-94f8c9,Company_51,HealthTech,US,2024-03-29,other,Basic,13,False,False,S-1eb467,Enterprise,13,2587,31044,monthly,True,611,2,1,75.0,9.375,3398.0,0.0,0.0,8.0,3.0,47.333333333333336,87.66666666666667,5.0,0.0,888,199.0,60.0,0.020689655172413793,9.375,0.0,0.10344827586206896
A-02fac6,Company_52,FinTech,US,2023-04-06,event,Pro,22,False,False,S-a408fe,Pro,22,1078,12936,monthly,True,685,1,0,79.0,11.285714285714286,3279.714285714286,4.0,2.0,6.0,6.0,23.333333333333332,100.5,4.0,0.0,1246,49.0,41.0,0.04109589041095891,13.166666666666666,0.05063291139240506,0.16438356164383564
A-c1dfe1,Company_53,DevTools,DE,2023-08-07,ads,Pro,26,False,False,S-154918,Basic,26,494,5928,monthly,False,711,1,2,80.0,10.0,4598.375,9.0,0.0,8.0,3.0,50.333333333333336,93.66666666666667,4.0,0.0,1123,19.0,47.0,0.01948051948051948,10.0,0.1125,0.07792207792207792
A-32728c,Company_54,DevTools,US,2023-01-03,event,Pro,20,False,True,S-4757c8,Basic,42,798,9576,annual,True,716,1,0,30.0,10.0,2351.6666666666665,3.0,0.0,3.0,2.0,34.5,61.5,3.5,0.0,1339,19.0,14.0,0.028169014084507043,10.0,0.1,0.09859154929577466
A-4c38bc,Company_55,HealthTech,UK,2024-03-09,event,Basic,36,False,True,S-9a7851,Pro,36,1764,21168,annual,True,615,2,0,70.0,11.666666666666666,3380.1666666666665,0.0,1.0,5.0,3.0,48.333333333333336,43.0,3.5,0.0,908,49.0,55.0,0.020270270270270268,14.0,0.0,0.07094594594594594
A-1b707d,Company_56,Cybersecurity,US,2023-07-14,organic,Enterprise,1,False,False,S-47985c,Basic,2,0,0,annual,False,615,1,0,21.0,10.5,3577.0,0.0,0.0,2.0,3.0,42.666666666666664,75.33333333333333,,0.0,1147,0.0,6.0,0.022900763358778626,10.5,0.0,
A-6f8ad2,Company_57,EdTech,IN,2024-07-09,organic,Basic,1,False,False,S-aa5012,Basic,41,779,9348,annual,False,611,2,1,50.0,12.5,1627.5,7.0,2.0,4.0,4.0,35.25,37.25,4.333333333333333,0.0,786,19.0,16.0,0.027586206896551724,12.5,0.14,0.11954022988505746
A-4d1e75,Company_58,DevTools,US,2024-08-21,other,Basic,20,False,False,S-8dd1cf,Basic,20,380,4560,monthly,False,625,3,1,55.0,11.0,2772.2,2.0,1.0,5.0,2.0,15.0,98.5,4.0,0.0,743,19.0,41.0,0.0625,11.0,0.03636363636363636,0.25
A-9ee962,Company_59,HealthTech,US,2023-02-28,ads,Basic,9,False,True,S-0ce88b,Basic,9,171,2052,annual,True,777,3,1,24.0,8.0,2455.3333333333335,2.0,1.0,3.0,3.0,37.0,69.66666666666667,4.0,0.0,1283,19.0,5.0,0.02631578947368421,8.0,0.08333333333333333,0.10526315789473684
A-378b99,Company_60,EdTech,UK,2024-09-01,ads,Pro,8,True,False,S-4b9d7c,Pro,16,784,9408,annual,True,637,1,1,70.0,10.0,3727.5714285714284,1.0,1.0,7.0,6.0,28.5,78.83333333333333,4.5,0.0,732,49.0,38.0,0.03389830508474576,10.0,0.014285714285714285,0.15254237288135594
A-94d3da,Company_61,HealthTech,US,2023-05-03,other,Basic,41,False,False,S-244df8,Basic,41,779,9348,monthly,True,675,1,0,27.0,9.0,4036.0,1.0,0.0,3.0,6.0,26.833333333333332,80.5,3.5,0.0,1219,19.0,-5.0,0.03592814371257485,9.0,0.037037037037037035,0.12574850299401197
A-e351e1,Company_62,EdTech,US,2024-09-26,other,Enterprise,33,False,False,S-0509b8,Basic,33,627,7524,annual,True,616,0,0,66.0,11.0,3634.0,2.0,0.0,6.0,4.0,17.0,65.25,3.75,0.0,707,19.0,42.0,0.05555555555555555,11.0,0.030303030303030304,0.20833333333333331
A-9badbd,Company_63,Cybersecurity,DE,2024-06-19,ads,Enterprise,5,True,False,S-c41762,Enterprise,59,11741,140892,monthly,True,621,0,0,59.0,11.8,3404.4,3.0,0.0,5.0,5.0,30.2,102.6,5.0,0.0,806,199.0,28.0,0.032051282051282055,11.8,0.05084745762711865,0.16025641025641027
A-7e0a10,Company_64,FinTech,US,2023-11-18,ads,Enterprise,46,False,False,S-f030d4,Enterprise,70,13930,167160,annual,True,612,1,0,87.0,9.666666666666666,4024.777777777778,3.0,0.0,8.0,5.0,39.4,62.6,4.0,0.0,1020,199.0,56.0,0.024752475247524754,10.875,0.034482758620689655,0.09900990099009901
A-118d55,Company_65,Cybersecurity,US,2024-10-22,organic,Basic,8,False,False,S-7452a4,Enterprise,29,5771,69252,monthly,True,612,3,4,46.0,9.2,2305.4,6.0,0.0,5.0,5.0,24.2,56.8,4.333333333333333,0.0,681,199.0,9.0,0.03968253968253968,9.2,0.13043478260869565,0.17195767195767195
A-526d93,Company_66,HealthTech,FR,2024-04-14,organic,Basic,43,False,False,S-c2a14b,Enterprise,43,8557,102684,annual,False,664,2,0,44.0,11.0,3659.0,1.0,1.0,4.0,5.0,51.4,134.6,3.5,1.0,872,199.0,17.0,0.019083969465648856,11.0,0.022727272727272728,0.06679389312977099
A-f92792,Company_67,FinTech,US,2024-07-04,ads,Pro,1,False,False,S-c61dc9,Basic,19,361,4332,annual,False,627,1,1,27.0,9.0,1766.0,0.0,0.0,3.0,2.0,45.0,82.0,4.0,0.0,791,19.0,17.0,0.021739130434782608,9.0,0.0,0.08695652173913043
A-84ebe4,Company_68,FinTech,US,2023-03-12,ads,Pro,18,True,True,S-6bb2c5,Enterprise,36,7164,85968,monthly,True,654,0,0,52.0,10.4,1779.6,4.0,1.0,4.0,4.0,29.5,135.5,4.0,0.0,1271,199.0,24.0,0.03278688524590164,13.0,0.07692307692307693,0.13114754098360656
A-5b4ebb,Company_69,Cybersecurity,UK,2024-07-10,other,Basic,21,True,True,S-0c9fdd,Pro,30,1470,17640,annual,True,626,1,0,58.0,11.6,2678.8,2.0,0.0,5.0,5.0,35.4,63.0,4.75,0.0,785,49.0,29.0,0.027472527472527472,11.6,0.034482758620689655,0.1304945054945055
A-2922b6,Company_70,HealthTech,US,2024-11-14,organic,Basic,15,False,False,S-8dfd77,Pro,20,980,11760,annual,False,617,1,0,65.0,10.833333333333334,4075.5,2.0,0.0,6.0,2.0,15.5,103.0,4.0,0.0,658,49.0,51.0,0.06060606060606061,10.833333333333334,0.03076923076923077,0.24242424242424243
A-9b9fe9,Company_71,EdTech,AU,2023-09-28,other,Basic,5,False,False,S-7bd2d7,Enterprise,50,9950,119400,monthly,True,644,0,1,39.0,9.75,3167.0,5.0,0.0,4.0,4.0,33.5,156.5,4.0,0.0,1071,199.0,9.0,0.028985507246376812,9.75,0.1282051282051282,0.11594202898550725
A-a8b49c,Company_72,Cybersecurity,UK,2023-10-06,partner,Basic,7,False,False,S-fbc35d,Pro,7,343,4116,annual,True,686,1,0,48.0,12.0,3868.0,10.0,1.0,4.0,1.0,72.0,105.0,4.0,0.0,1063,49.0,23.0,0.0136986301369863,12.0,0.20833333333333334,0.0547945205479452
A-9174e0,Company_73,Cybersecurity,US,2024-12-04,partner,Basic,37,False,False,S-92afb8,Enterprise,37,7363,88356,annual,True,614,2,0,122.0,11.090909090909092,3389.090909090909,10.0,0.0,10.0,2.0,39.0,167.0,5.0,0.0,638,199.0,92.0,0.025,12.2,0.08196721311475409,0.125
A-a1bbb6,Company_74,DevTools,CA,2023-04-05,organic,Basic,1,False,False,S-37dc91,Pro,15,0,0,annual,True,699,0,0,20.0,10.0,4772.0,0.0,0.0,2.0,3.0,17.666666666666668,120.66666666666667,4.0,0.0,1247,0.0,5.0,0.05357142857142857,10.0,0.0,0.21428571428571427
A-c45b23,Company_75,FinTech,UK,2023-12-08,partner,Basic,5,False,False,S-2361ec,Enterprise,26,5174,62088,annual,True,630,0,0,21.0,10.5,3801.0,1.0,1.0,2.0,3.0,36.666666666666664,51.666666666666664,3.0,0.0,1000,199.0,4.0,0.026548672566371685,10.5,0.047619047619047616,0.07964601769911506
A-02cd81,Company_76,HealthTech,IN,2024-03-28,other,Basic,44,False,False,S-4da459,Pro,44,2156,25872,annual,True,613,0,0,47.0,11.75,4733.0,0.0,0.0,3.0,3.0,17.333333333333332,84.66666666666667,4.5,1.0,889,49.0,32.0,0.05454545454545455,15.666666666666666,0.0,0.24545454545454548
A-ee42db,Company_77,EdTech,DE,2023-04-25,ads,Enterprise,13,False,False,S-3c9a70,Basic,30,570,6840,monthly,True,620,1,1,34.0,11.333333333333334,1715.3333333333333,4.0,0.0,3.0,4.0,33.75,98.25,3.0,0.0,1227,19.0,6.0,0.02877697841726619,11.333333333333334,0.11764705882352941,0.08633093525179857
A-432483,Company_78,Cybersecurity,US,2023-02-06,ads,Pro,4,False,False,S-6cdfb7,Pro,31,1519,18228,annual,True,643,1,0,35.0,11.666666666666666,2619.0,3.0,1.0,3.0,1.0,51.0,128.0,,0.0,1305,49.0,24.0,0.019230769230769232,11.666666666666666,0.08571428571428572,
A-9208f0,Company_79,EdTech,US,2023-05-11,organic,Pro,1,False,True,S-e5fdf9,Basic,17,0,0,annual,True,755,1,0,25.0,8.333333333333334,2178.0,3.0,0.0,3.0,8.0,41.25,59.75,3.3333333333333335,1.0,1211,0.0,-21.0,0.023668639053254437,8.333333333333334,0.12,0.07889546351084813
A-98a59a,Company_80,FinTech,UK,2023-08-04,partner,Enterprise,56,False,False,S-de3170,Pro,56,2744,32928,annual,True,676,2,1,43.0,10.75,1574.75,2.0,0.0,4.0,3.0,37.333333333333336,74.0,4.5,0.0,1126,49.0,24.0,0.02608695652173913,10.75,0.046511627906976744,0.11739130434782608
A-fe79a5,Company_81,HealthTech,IN,2024-02-21,ads,Basic,9,True,False,S-9bd0ec,Enterprise,9,1791,21492,annual,True,616,2,0,9.0,9.0,4455.0,0.0,0.0,1.0,4.0,28.5,61.0,5.0,0.0,925,199.0,-11.0,0.03389830508474576,9.0,0.0,0.1694915254237288
A-726cfa,Company_82,DevTools,US,2023-07-01,partner,Pro,11,False,False,S-fa0d9e,Enterprise,38,7562,90744,monthly,False,626,2,0,52.0,8.666666666666666,3803.0,0.0,1.0,6.0,3.0,35.666666666666664,128.33333333333334,4.0,0.0,1160,199.0,37.0,0.027272727272727275,8.666666666666666,0.0,0.1090909090909091
A-c43359,Company_83,FinTech,US,2024-11-16,organic,Pro,38,False,False,S-eec041,Basic,38,722,8664,monthly,True,620,2,1,26.0,8.666666666666666,3884.6666666666665,2.0,0.0,3.0,3.0,26.666666666666668,107.33333333333333,4.0,0.0,656,19.0,7.0,0.03614457831325301,8.666666666666666,0.07692307692307693,0.14457831325301204
A-271f46,Company_84,DevTools,US,2023-02-09,event,Pro,38,False,True,S-3da8ee,Enterprise,46,9154,109848,monthly,True,650,0,0,69.0,9.857142857142858,3157.0,3.0,0.0,7.0,1.0,36.0,79.0,,0.0,1302,199.0,58.0,0.02702702702702703,9.857142857142858,0.043478260869565216,
A-157070,Company_85,FinTech,US,2023-11-09,ads,Pro,16,False,False,S-7a9d40,Basic,38,722,8664,annual,True,624,2,1,18.0,9.0,2794.5,1.0,0.0,2.0,3.0,42.333333333333336,118.0,3.0,1.0,1029,19.0,1.0,0.023076923076923075,9.0,0.05555555555555555,0.06923076923076922
A-40a557,Company_86,Cybersecurity,AU,2023-12-03,partner,Pro,16,True,False,S-12a13c,Enterprise,16,3184,38208,monthly,True,628,1,0,46.0,11.5,2711.5,4.0,0.0,4.0,7.0,30.571428571428573,94.71428571428571,3.6666666666666665,0.0,1005,199.0,3.0,0.03167420814479638,11.5,0.08695652173913043,0.11613876319758672
A-66224b,Company_87,HealthTech,US,2024-10-18,other,Pro,92,True,False,S-d859b7,Enterprise,92,0,0,annual,True,612,0,0,54.0,10.8,2883.6,0.0,2.0,5.0,6.0,39.833333333333336,82.5,3.5,0.0,685,0.0,24.0,0.024489795918367346,10.8,0.0,0.08571428571428572
A-91e948,Company_88,EdTech,AU,2023-01-29,partner,Basic,41,False,False,S-683e1e,Enterprise,41,8159,97908,monthly,True,663,2,0,25.0,12.5,2410.5,1.0,0.0,2.0,,,,,,1313,199.0,,,12.5,0.04,
A-104f1a,Company_89,Cybersecurity,US,2024-08-17,other,Pro,24,False,False,S-2dad6b,Basic,34,646,7752,monthly,True,622,0,0,31.0,10.333333333333334,4659.333333333333,2.0,0.0,3.0,5.0,33.2,50.4,3.75,1.0,747,19.0,2.0,0.029239766081871343,10.333333333333334,0.06451612903225806,0.10964912280701754
A-7988d1,Company_90,Cybersecurity,US,2023-12-20,other,Basic,33,False,False,S-891ad9,Basic,33,0,0,monthly,True,639,0,0,21.0,10.5,3150.0,0.0,0.0,2.0,3.0,35.333333333333336,65.33333333333333,4.333333333333333,0.0,988,0.0,6.0,0.027522935779816512,10.5,0.0,0.11926605504587154
A-faa28c,Company_91,HealthTech,US,2024-01-30,organic,Enterprise,48,False,False,S-92dbcc,Pro,48,2352,28224,monthly,True,617,3,0,42.0,8.4,3351.6,2.0,0.0,5.0,4.0,52.25,115.5,4.666666666666667,1.0,947,49.0,18.0,0.018779342723004695,8.4,0.047619047619047616,0.08763693270735524
A-f25509,Company_92,EdTech,US,2024-03-22,other,Enterprise,32,False,False,S-f316d5,Basic,57,1083,12996,annual,True,616,0,1,27.0,9.0,3336.3333333333335,1.0,0.0,2.0,6.0,42.666666666666664,116.0,4.666666666666667,0.0,895,19.0,-5.0,0.022900763358778626,13.5,0.037037037037037035,0.1068702290076336
A-3a7284,Company_93,FinTech,US,2024-11-17,organic,Enterprise,31,False,False,S-7be036,Pro,31,1519,18228,annual,True,614,1,2,35.0,11.666666666666666,2752.0,2.0,0.0,3.0,3.0,56.333333333333336,104.33333333333333,3.5,0.0,655,49.0,16.0,0.01744186046511628,11.666666666666666,0.05714285714285714,0.061046511627906974
A-3a5ad8,Company_94,HealthTech,US,2023-12-05,organic,Enterprise,9,True,False,S-79a9e1,Enterprise,22,0,0,annual,True,617,1,1,14.0,7.0,2018.0,0.0,0.0,2.0,4.0,44.75,53.5,4.5,0.0,1003,0.0,-6.0,0.02185792349726776,7.0,0.0,0.09836065573770492
A-65a46c,Company_95,HealthTech,US,2023-11-04,event,Pro,1,False,False,S-21bd9b,Pro,35,1715,20580,annual,True,618,2,0,69.0,9.857142857142858,3796.714285714286,4.0,3.0,5.0,8.0,45.125,91.125,4.0,0.0,1034,49.0,21.0,0.02168021680216802,13.8,0.057971014492753624,0.08672086720867209
A-8b25f2,Company_96,Cybersecurity,US,2024-02-17,ads,Pro,6,False,True,S-f5ce8e,Enterprise,13,2587,31044,monthly,True,627,1,2,12.0,12.0,3108.0,0.0,0.0,1.0,2.0,35.5,50.5,4.0,0.0,929,199.0,2.0,0.0273972602739726,12.0,0.0,0.1095890410958904
A-fabe19,Company_97,DevTools,UK,2024-11-11,ads,Enterprise,1,False,False,S-e0a4c5,Enterprise,1,0,0,monthly,False,616,2,0,53.0,10.6,3976.0,1.0,0.0,5.0,3.0,40.666666666666664,38.333333333333336,4.0,0.0,661,0.0,36.0,0.024,10.6,0.018867924528301886,0.096
A-adc1f3,Company_98,Cybersecurity,US,2024-08-05,organic,Pro,2,False,False,S-b821f4,Enterprise,5,995,11940,monthly,True,621,0,0,27.0,9.0,3460.3333333333335,4.0,1.0,3.0,3.0,47.333333333333336,65.0,3.5,0.0,759,199.0,4.0,0.020689655172413793,9.0,0.14814814814814814,0.07241379310344828
A-503d5a,Company_99,FinTech,US,2023-10-21,other,Enterprise,4,False,True,S-88338a,Enterprise,56,11144,133728,annual,False,623,0,1,9.0,9.0,4653.0,0.0,0.0,1.0,9.0,36.55555555555556,81.77777777777777,4.0,0.0,1048,199.0,-36.0,0.02662721893491124,9.0,0.0,0.10650887573964496
A-fd7ad3,Company_100,Cybersecurity,US,2024-11-01,event,Enterprise,1,False,False,S-4f43fd,Basic,29,551,6612,monthly,True,616,2,0,63.0,10.5,4075.3333333333335,4.0,2.0,6.0,8.0,48.75,98.125,4.166666666666667,1.0,671,19.0,15.0,0.020100502512562814,10.5,0.06349206349206349,0.08375209380234507
A-186a44,Company_101,HealthTech,US,2023-08-07,ads,Enterprise,20,False,False,S-450fa9,Basic,20,380,4560,monthly,False,625,1,1,83.0,10.375,4306.625,2.0,1.0,6.0,7.0,38.285714285714285,110.42857142857143,3.5,0.0,1123,19.0,44.0,0.025454545454545455,13.833333333333334,0.024096385542168676,0.0890909090909091
A-e888d1,Company_102,Cybersecurity,US,2023-03-28,other,Pro,14,False,False,S-80c296,Pro,17,833,9996,monthly,True,623,1,0,21.0,7.0,2529.6666666666665,8.0,0.0,3.0,5.0,43.0,104.0,4.0,1.0,1255,49.0,-20.0,0.022727272727272728,7.0,0.38095238095238093,0.09090909090909091
A-69fad4,Company_103,FinTech,UK,2023-04-06,ads,Basic,6,False,True,S-e0179e,Pro,13,0,0,monthly,True,893,0,0,95.0,10.555555555555555,2902.0,8.0,0.0,8.0,4.0,43.0,116.75,3.6666666666666665,0.0,1246,0.0,59.0,0.022727272727272728,11.875,0.08421052631578947,0.08333333333333333
A-9289f6,Company_104,EdTech,US,2023-05-31,event,Enterprise,1,False,False,S-b81c82,Pro,25,1225,14700,annual,False,625,2,0,30.0,10.0,3493.6666666666665,2.0,0.0,3.0,6.0,37.5,70.0,4.333333333333333,0.0,1191,49.0,-4.0,0.025974025974025976,10.0,0.06666666666666667,0.11255411255411256
A-f19409,Company_105,DevTools,US,2023-03-16,other,Basic,23,False,True,S-2e55e6,Basic,35,665,7980,annual,False,622,2,0,50.0,10.0,4247.2,2.0,0.0,4.0,3.0,6.333333333333333,103.33333333333333,4.0,0.0,1267,19.0,31.0,0.13636363636363638,12.5,0.04,0.5454545454545455
A-22f2df,Company_106,DevTools,US,2024-12-14,ads,Basic,3,False,False,S-47cfb3,Basic,11,209,2508,annual,True,612,1,1,81.0,10.125,3162.375,3.0,2.0,6.0,5.0,44.8,71.6,5.0,0.0,628,19.0,50.0,0.02183406113537118,13.5,0.037037037037037035,0.1091703056768559
A-039727,Company_107,EdTech,AU,2024-11-02,organic,Pro,25,False,False,S-e6a17a,Enterprise,25,4975,59700,annual,True,623,3,2,75.0,10.714285714285714,3836.714285714286,2.0,0.0,7.0,,,,,,670,199.0,,,10.714285714285714,0.02666666666666667,
A-2e3bad,Company_108,FinTech,CA,2023-08-13,other,Pro,61,False,False,S-3bd427,Basic,61,1159,13908,monthly,True,638,0,0,29.0,7.25,2069.25,0.0,0.0,4.0,5.0,31.4,107.0,3.5,0.0,1117,19.0,4.0,0.0308641975308642,7.25,0.0,0.1080246913580247
A-484819,Company_109,HealthTech,US,2023-02-21,organic,Pro,18,False,False,S-ac8fd3,Enterprise,18,3582,42984,monthly,True,659,3,0,35.0,8.75,3484.75,3.0,2.0,4.0,5.0,33.2,139.6,4.5,0.0,1290,199.0,4.0,0.029239766081871343,8.75,0.08571428571428572,0.13157894736842105
A-425e76,Company_110,DevTools,UK,2023-05-17,other,Enterprise,8,False,True,S-18b808,Enterprise,9,1791,21492,annual,True,751,1,0,24.0,8.0,2400.0,6.0,0.0,3.0,5.0,48.2,119.2,3.3333333333333335,1.0,1205,199.0,-13.0,0.02032520325203252,8.0,0.25,0.06775067750677508
A-e83938,Company_111,DevTools,UK,2023-11-21,other,Pro,2,True,True,S-caca4f,Basic,54,1026,12312,annual,False,636,2,0,41.0,8.2,1986.0,2.0,0.0,5.0,4.0,31.0,72.5,3.0,0.0,1017,19.0,17.0,0.03125,8.2,0.04878048780487805,0.09375
A-ad296b,Company_112,DevTools,AU,2024-07-15,event,Pro,38,False,False,S-ddc51c,Pro,38,1862,22344,annual,True,633,0,0,111.0,11.1,4251.1,3.0,0.0,10.0,3.0,28.333333333333332,83.33333333333333,3.6666666666666665,1.0,780,49.0,90.0,0.034090909090909095,11.1,0.02702702702702703,0.125
A-e51ec7,Company_113,FinTech,CA,2023-09-23,partner,Enterprise,2,False,False,S-2852dd,Enterprise,10,1990,23880,monthly,True,623,2,1,41.0,13.666666666666666,1902.3333333333333,3.0,0.0,3.0,3.0,37.0,93.33333333333333,5.0,0.0,1076,199.0,20.0,0.02631578947368421,13.666666666666666,0.07317073170731707,0.13157894736842105
A-0aaf6e,Company_114,FinTech,US,2024-05-11,organic,Enterprise,3,False,False,S-88d746,Enterprise,18,3582,42984,monthly,True,616,0,0,47.0,9.4,1814.0,1.0,0.0,5.0,5.0,45.0,75.4,4.0,0.0,845,199.0,20.0,0.021739130434782608,9.4,0.02127659574468085,0.08695652173913043
A-e61e98,Company_115,FinTech,US,2023-10-20,partner,Enterprise,19,False,True,S-05b245,Enterprise,34,6766,81192,annual,True,732,2,0,81.0,10.125,2318.375,3.0,1.0,7.0,6.0,30.333333333333332,88.5,4.6,1.0,1049,199.0,45.0,0.03191489361702128,11.571428571428571,0.037037037037037035,0.1468085106382979
A-92a333,Company_116,FinTech,US,2023-03-24,event,Enterprise,9,False,False,S-f26ae0,Basic,9,171,2052,monthly,True,791,0,1,69.0,8.625,2865.25,1.0,1.0,8.0,4.0,23.25,58.25,,1.0,1259,19.0,47.0,0.041237113402061855,8.625,0.014492753623188406,
A-95b24a,Company_117,FinTech,US,2023-06-06,event,Pro,38,False,True,S-c35f78,Pro,38,0,0,annual,True,692,4,1,76.0,10.857142857142858,4061.5714285714284,10.0,0.0,7.0,5.0,21.2,90.4,4.25,0.0,1185,0.0,31.0,0.04504504504504505,10.857142857142858,0.13157894736842105,0.19144144144144146
A-42e5e1,Company_118,DevTools,US,2024-07-09,ads,Pro,1,False,True,S-9f7b07,Pro,10,490,5880,annual,False,644,1,1,29.0,14.5,902.0,4.0,0.0,2.0,3.0,29.0,81.33333333333333,4.0,0.0,786,49.0,6.0,0.03333333333333333,14.5,0.13793103448275862,0.13333333333333333
A-7d514c,Company_119,HealthTech,DE,2024-02-03,organic,Enterprise,17,False,False,S-8a46fe,Enterprise,17,3383,40596,monthly,True,637,2,0,143.0,11.0,2793.3846153846152,2.0,3.0,11.0,3.0,33.333333333333336,49.666666666666664,5.0,0.0,943,199.0,124.0,0.029126213592233007,13.0,0.013986013986013986,0.14563106796116504
A-65aeb5,Company_120,DevTools,US,2024-01-25,partner,Pro,9,False,False,S-6ce221,Basic,9,171,2052,annual,True,693,0,1,83.0,9.222222222222221,1679.888888888889,8.0,0.0,7.0,2.0,42.5,159.5,5.0,0.0,952,19.0,57.0,0.022988505747126436,11.857142857142858,0.0963855421686747,0.11494252873563218
A-e2cd1b,Company_121,DevTools,US,2024-02-04,other,Enterprise,15,False,False,S-3f18be,Enterprise,16,3184,38208,annual,True,616,1,0,10.0,3.3333333333333335,725.0,3.0,0.0,3.0,5.0,37.8,76.0,4.0,0.0,942,199.0,-21.0,0.025773195876288662,3.3333333333333335,0.3,0.10309278350515465
A-180abf,Company_122,DevTools,US,2023-08-14,event,Pro,64,False,True,S-e9395e,Pro,64,3136,37632,monthly,True,622,2,0,11.0,11.0,2046.0,0.0,1.0,1.0,3.0,36.333333333333336,62.333333333333336,3.0,0.0,1116,49.0,-4.0,0.026785714285714284,11.0,0.0,0.08035714285714285
A-f17767,Company_123,DevTools,US,2023-01-30,event,Enterprise,1,True,True,S-1f8215,Pro,15,735,8820,annual,True,632,3,1,,,,,,,3.0,36.333333333333336,115.0,4.0,1.0,1312,49.0,,0.026785714285714284,,,0.10714285714285714
A-5a184f,Company_124,DevTools,DE,2023-06-19,other,Enterprise,1,False,True,S-44046d,Basic,36,684,8208,annual,True,666,0,1,41.0,13.666666666666666,2314.0,1.0,0.0,3.0,3.0,15.333333333333334,42.333333333333336,4.333333333333333,0.0,1172,19.0,24.0,0.06122448979591836,13.666666666666666,0.024390243902439025,0.26530612244897955
A-7df7a7,Company_125,DevTools,US,2023-01-28,organic,Basic,7,False,True,S-8486d2,Enterprise,30,5970,71640,annual,True,614,0,2,56.0,9.333333333333334,3371.8333333333335,6.0,1.0,5.0,3.0,28.0,93.0,4.0,1.0,1314,199.0,29.0,0.034482758620689655,11.2,0.10714285714285714,0.13793103448275862
A-1ac5e0,Company_126,DevTools,US,2024-10-20,event,Basic,33,False,True,S-53361d,Enterprise,33,0,0,monthly,False,612,0,0,80.0,8.88888888888889,2791.5555555555557,6.0,0.0,8.0,7.0,40.42857142857143,76.0,3.8,0.0,683,0.0,33.0,0.02413793103448276,10.0,0.075,0.09172413793103448
A-52dd88,Company_127,Cybersecurity,US,2023-02-21,ads,Pro,23,False,False,S-36480d,Pro,30,1470,17640,annual,True,638,1,0,50.0,10.0,3387.4,0.0,1.0,4.0,1.0,72.0,111.0,,0.0,1290,49.0,45.0,0.0136986301369863,12.5,0.0,
A-bece89,Company_128,Cybersecurity,IN,2023-12-01,event,Pro,26,False,False,S-6e81f5,Pro,38,1862,22344,annual,True,685,1,0,22.0,7.333333333333333,1424.0,1.0,1.0,3.0,4.0,32.5,103.75,4.0,1.0,1007,49.0,0.0,0.029850746268656716,7.333333333333333,0.045454545454545456,0.11940298507462686
A-029f69,Company_129,Cybersecurity,CA,2024-03-07,event,Basic,3,False,False,S-21c164,Basic,34,646,7752,annual,True,611,2,0,41.0,10.25,2728.5,0.0,1.0,4.0,2.0,42.0,108.0,3.0,0.0,910,19.0,31.0,0.023255813953488372,10.25,0.0,0.06976744186046512
A-5c046d,Company_130,EdTech,FR,2024-07-06,partner,Basic,93,False,False,S-aced77,Enterprise,93,18507,222084,annual,True,622,0,0,74.0,9.25,2190.5,10.0,0.0,8.0,1.0,13.0,128.0,3.0,0.0,789,199.0,49.0,0.07142857142857142,9.25,0.13513513513513514,0.21428571428571427
A-fb186e,Company_131,EdTech,IN,2024-10-27,organic,Basic,29,False,False,S-d7d398,Enterprise,29,0,0,annual,True,614,0,0,124.0,10.333333333333334,3086.6666666666665,3.0,1.0,10.0,6.0,26.166666666666668,81.0,3.6666666666666665,0.0,676,0.0,88.0,0.03680981595092024,12.4,0.024193548387096774,0.1349693251533742
A-ae052e,Company_132,FinTech,CA,2023-09-11,other,Basic,39,False,False,S-f4e174,Basic,39,0,0,annual,True,625,1,1,72.0,10.285714285714286,2256.714285714286,1.0,2.0,7.0,4.0,31.25,60.5,4.0,0.0,1088,0.0,50.0,0.031007751937984496,10.285714285714286,0.013888888888888888,0.12403100775193798
A-9f9299,Company_133,FinTech,US,2023-09-02,organic,Enterprise,28,True,False,S-54df4c,Pro,28,1372,16464,annual,True,654,0,0,11.0,11.0,2090.0,0.0,0.0,1.0,5.0,36.2,116.2,5.0,0.0,1097,49.0,-14.0,0.026881720430107524,11.0,0.0,0.13440860215053763
A-96e141,Company_134,DevTools,UK,2023-08-12,partner,Basic,14,False,False,S-984423,Enterprise,25,4975,59700,monthly,True,743,0,0,20.0,10.0,4422.5,2.0,0.0,2.0,5.0,32.8,68.4,4.333333333333333,0.0,1118,199.0,-9.0,0.02958579881656805,10.0,0.1,0.1282051282051282
A-117171,Company_135,HealthTech,FR,2024-09-12,organic,Basic,45,False,True,S-1fb7ac,Pro,45,2205,26460,annual,True,628,0,1,49.0,9.8,2706.6,0.0,0.0,5.0,6.0,32.5,68.33333333333333,3.6666666666666665,1.0,721,49.0,19.0,0.029850746268656716,9.8,0.0,0.10945273631840795
A-313be3,Company_136,EdTech,US,2023-11-15,partner,Enterprise,47,True,False,S-70cc83,Pro,47,2303,27636,monthly,True,626,1,0,80.0,10.0,2068.5,7.0,0.0,8.0,4.0,22.5,80.25,5.0,1.0,1023,49.0,46.0,0.0425531914893617,10.0,0.0875,0.2127659574468085
A-671f31,Company_137,DevTools,US,2024-11-24,ads,Basic,59,False,False,S-814624,Enterprise,82,0,0,annual,True,614,0,1,38.0,9.5,3017.0,6.0,0.0,4.0,7.0,33.0,78.0,4.2,0.0,648,0.0,-9.0,0.029411764705882353,9.5,0.15789473684210525,0.12352941176470589
A-bbc346,Company_138,FinTech,US,2024-08-29,partner,Enterprise,19,False,False,S-56ed05,Pro,19,0,0,annual,True,618,3,2,83.0,10.375,2932.625,10.0,0.0,7.0,3.0,45.333333333333336,102.66666666666667,4.5,0.0,735,0.0,48.0,0.021582733812949638,11.857142857142858,0.12048192771084337,0.09712230215827337
A-c16101,Company_139,EdTech,IN,2024-09-06,other,Basic,7,False,False,S-b152d6,Pro,7,343,4116,monthly,True,617,1,1,45.0,7.5,3310.5,6.0,1.0,6.0,4.0,28.0,82.0,5.0,1.0,727,49.0,13.0,0.034482758620689655,7.5,0.13333333333333333,0.1724137931034483
A-50f3f7,Company_140,HealthTech,US,2023-12-22,partner,Basic,31,False,True,S-f020d4,Enterprise,31,6169,74028,annual,True,625,0,2,50.0,10.0,2924.4,6.0,0.0,5.0,6.0,37.833333333333336,67.83333333333333,5.0,1.0,986,199.0,8.0,0.02575107296137339,10.0,0.12,0.12875536480686695
A-7da956,Company_141,Cybersecurity,US,2024-06-02,event,Pro,13,True,False,S-808efb,Enterprise,15,2985,35820,monthly,True,656,1,2,15.0,15.0,3540.0,2.0,0.0,1.0,3.0,32.666666666666664,88.0,5.0,0.0,823,199.0,-4.0,0.029702970297029705,15.0,0.13333333333333333,0.14851485148514854
A-019782,Company_142,DevTools,FR,2023-04-19,event,Enterprise,11,False,False,S-2fd650,Enterprise,15,0,0,annual,False,638,1,0,60.0,10.0,2150.1666666666665,2.0,0.0,6.0,2.0,10.0,107.0,3.0,0.0,1233,0.0,46.0,0.09090909090909091,10.0,0.03333333333333333,0.2727272727272727
A-df10db,Company_143,DevTools,US,2023-06-06,other,Enterprise,2,True,False,S-fa7c1a,Enterprise,12,2388,28656,monthly,True,682,2,0,25.0,8.333333333333334,2059.0,7.0,0.0,3.0,2.0,68.5,86.5,3.0,1.0,1185,199.0,1.0,0.014388489208633094,8.333333333333334,0.28,0.04316546762589928
A-3932db,Company_144,HealthTech,CA,2023-10-04,other,Pro,19,True,True,S-697d16,Enterprise,19,0,0,monthly,True,611,2,1,44.0,11.0,3495.0,0.0,1.0,4.0,6.0,41.0,86.5,4.333333333333333,0.0,1065,0.0,14.0,0.023809523809523808,11.0,0.0,0.10317460317460315
A-4f18f0,Company_145,DevTools,CA,2024-04-21,other,Pro,24,True,False,S-1c7a41,Basic,24,456,5472,monthly,True,622,0,1,30.0,10.0,3967.0,0.0,1.0,3.0,5.0,39.2,61.4,4.0,0.0,865,19.0,5.0,0.02487562189054726,10.0,0.0,0.09950248756218905
A-4c6f11,Company_146,FinTech,CA,2023-11-27,organic,Pro,24,True,True,S-d322a2,Basic,24,456,5472,monthly,True,763,0,1,66.0,11.0,3712.8333333333335,4.0,0.0,5.0,3.0,44.666666666666664,63.0,4.333333333333333,0.0,1011,19.0,43.0,0.021897810218978103,13.2,0.06060606060606061,0.0948905109489051
A-8ae05d,Company_147,FinTech,IN,2024-04-06,other,Enterprise,86,False,False,S-b8c3e6,Enterprise,86,0,0,monthly,True,629,0,0,37.0,9.25,3402.5,4.0,1.0,4.0,1.0,47.0,48.0,4.0,0.0,880,0.0,24.0,0.020833333333333332,9.25,0.10810810810810811,0.08333333333333333
A-b78bf8,Company_148,DevTools,US,2024-11-15,event,Pro,33,False,False,S-75e469,Pro,33,1617,19404,monthly,True,614,1,1,25.0,8.333333333333334,1315.6666666666667,1.0,1.0,3.0,5.0,24.2,88.8,4.2,0.0,657,49.0,-2.0,0.03968253968253968,8.333333333333334,0.04,0.16666666666666666
A-eafc6e,Company_149,DevTools,US,2023-07-06,partner,Pro,27,False,True,S-779baa,Basic,30,0,0,monthly,True,673,0,0,51.0,8.5,3347.8333333333335,4.0,0.0,5.0,1.0,64.0,136.0,,0.0,1155,0.0,38.0,0.015384615384615385,10.2,0.0784313725490196,
A-37f969,Company_150,HealthTech,IN,2023-10-14,partner,Enterprise,30,False,False,S-3947da,Enterprise,30,5970,71640,annual,True,721,2,0,59.0,8.428571428571429,3255.5714285714284,3.0,1.0,6.0,5.0,22.2,94.0,3.6666666666666665,1.0,1055,199.0,28.0,0.04310344827586207,9.833333333333334,0.05084745762711865,0.15804597701149425
A-10b8f2,Company_151,HealthTech,DE,2023-01-11,organic,Basic,47,True,False,S-1cefc9,Pro,48,2352,28224,annual,True,626,1,0,51.0,10.2,3360.8,1.0,1.0,5.0,3.0,46.333333333333336,67.0,4.333333333333333,0.0,1331,49.0,34.0,0.02112676056338028,10.2,0.0196078431372549,0.09154929577464788
A-439b2f,Company_152,DevTools,US,2024-02-21,ads,Enterprise,1,False,True,S-83ee75,Pro,26,1274,15288,monthly,True,615,1,0,11.0,5.5,1690.0,0.0,0.0,2.0,3.0,18.333333333333332,85.33333333333333,,0.0,925,49.0,-4.0,0.05172413793103449,5.5,0.0,
A-544d0a,Company_153,DevTools,US,2024-05-02,organic,Basic,2,True,False,S-778c7e,Enterprise,2,398,4776,annual,False,623,1,2,55.0,11.0,3888.4,6.0,0.0,5.0,2.0,38.5,98.0,4.0,1.0,854,199.0,33.0,0.02531645569620253,11.0,0.10909090909090909,0.10126582278481013
A-ba6516,Company_154,FinTech,US,2023-10-29,ads,Pro,27,False,False,S-2f0291,Enterprise,27,5373,64476,annual,True,648,1,3,67.0,11.166666666666666,3305.8333333333335,0.0,0.0,6.0,6.0,31.5,71.0,4.0,0.0,1040,199.0,37.0,0.03076923076923077,11.166666666666666,0.0,0.12307692307692308
A-712426,Company_155,HealthTech,US,2024-11-10,other,Enterprise,9,False,False,S-fcd231,Enterprise,63,0,0,annual,True,611,2,0,22.0,7.333333333333333,2048.3333333333335,0.0,0.0,3.0,6.0,37.333333333333336,79.16666666666667,4.4,0.0,662,0.0,-8.0,0.02608695652173913,7.333333333333333,0.0,0.11478260869565218
A-038089,Company_156,DevTools,FR,2023-12-19,other,Pro,5,False,True,S-7003c5,Basic,5,95,1140,annual,True,612,0,0,39.0,13.0,3859.0,4.0,1.0,3.0,6.0,30.166666666666668,86.16666666666667,3.6666666666666665,0.0,989,19.0,1.0,0.0320855614973262,13.0,0.10256410256410256,0.1176470588235294
A-afa505,Company_157,DevTools,US,2023-12-27,partner,Basic,70,True,False,S-4291f7,Enterprise,70,13930,167160,monthly,False,653,2,1,55.0,9.166666666666666,2570.3333333333335,4.0,1.0,6.0,4.0,37.25,88.25,3.0,1.0,981,199.0,27.0,0.026143790849673203,9.166666666666666,0.07272727272727272,0.0784313725490196
A-d5a319,Company_158,FinTech,US,2023-05-04,other,Enterprise,15,False,True,S-e66253,Enterprise,15,2985,35820,annual,True,653,3,2,37.0,9.25,3252.25,2.0,0.0,4.0,1.0,17.0,132.0,4.0,1.0,1218,199.0,28.0,0.05555555555555555,9.25,0.05405405405405406,0.2222222222222222
A-f97b9a,Company_159,FinTech,US,2023-07-09,event,Pro,16,False,False,S-5a1d20,Pro,16,784,9408,annual,True,634,1,0,71.0,10.142857142857142,2823.5714285714284,3.0,0.0,7.0,7.0,31.714285714285715,69.85714285714286,3.6666666666666665,0.0,1152,49.0,30.0,0.03056768558951965,10.142857142857142,0.04225352112676056,0.11208151382823871
A-2f6a32,Company_160,HealthTech,US,2024-08-26,organic,Basic,19,False,False,S-55d53c,Basic,19,361,4332,annual,True,634,1,0,83.0,11.857142857142858,3086.285714285714,8.0,0.0,6.0,2.0,41.0,72.0,3.5,0.0,738,19.0,57.0,0.023809523809523808,13.833333333333334,0.0963855421686747,0.08333333333333333
A-856b1e,Company_161,FinTech,US,2023-10-31,partner,Basic,19,False,False,S-7f5316,Basic,19,0,0,monthly,True,686,1,0,71.0,10.142857142857142,3819.714285714286,6.0,1.0,6.0,5.0,36.0,79.4,,1.0,1038,0.0,34.0,0.02702702702702703,11.833333333333334,0.08450704225352113,
A-17939a,Company_162,HealthTech,US,2024-12-26,organic,Basic,1,False,False,S-8707e7,Basic,14,266,3192,annual,True,611,0,0,23.0,7.666666666666667,2425.0,5.0,0.0,3.0,7.0,38.0,83.42857142857143,4.5,0.0,616,19.0,-22.0,0.02564102564102564,7.666666666666667,0.21739130434782608,0.11538461538461538
A-d27f50,Company_163,Cybersecurity,UK,2024-07-20,ads,Enterprise,44,False,False,S-6f488b,Basic,44,836,10032,annual,False,613,1,0,23.0,7.666666666666667,3295.6666666666665,1.0,1.0,3.0,4.0,37.5,116.5,3.75,0.0,775,19.0,1.0,0.025974025974025976,7.666666666666667,0.043478260869565216,0.09740259740259741
A-e36807,Company_164,EdTech,AU,2024-05-17,other,Pro,6,False,False,S-003647,Enterprise,9,1791,21492,monthly,True,619,0,0,71.0,8.875,1627.25,3.0,2.0,8.0,2.0,41.0,152.0,4.5,0.0,839,199.0,55.0,0.023809523809523808,8.875,0.04225352112676056,0.10714285714285714
A-ff79f2,Company_165,DevTools,US,2024-04-25,ads,Basic,8,False,True,S-4f0027,Enterprise,19,3781,45372,annual,True,611,2,0,64.0,10.666666666666666,4045.3333333333335,2.0,1.0,6.0,2.0,50.0,82.5,,0.0,861,199.0,50.0,0.0196078431372549,10.666666666666666,0.03125,
A-5b1bcd,Company_166,DevTools,US,2023-09-16,organic,Pro,73,False,False,S-e9257d,Pro,73,3577,42924,annual,False,611,3,0,56.0,11.2,2093.0,4.0,0.0,4.0,4.0,43.25,92.5,4.5,0.0,1083,49.0,28.0,0.022598870056497175,14.0,0.07142857142857142,0.1016949152542373
A-71615e,Company_167,EdTech,US,2024-05-18,organic,Basic,15,False,False,S-738d4a,Pro,15,735,8820,annual,True,636,3,0,37.0,9.25,3008.0,2.0,1.0,4.0,1.0,49.0,77.0,,0.0,838,49.0,28.0,0.02,9.25,0.05405405405405406,
A-794a0b,Company_168,HealthTech,DE,2023-06-02,organic,Basic,23,False,False,S-38ac0c,Enterprise,31,6169,74028,monthly,True,790,0,0,55.0,9.166666666666666,2241.3333333333335,3.0,0.0,6.0,,,,,,1189,199.0,,,9.166666666666666,0.05454545454545454,
A-86902e,Company_169,HealthTech,IN,2023-05-02,other,Enterprise,34,False,False,S-b83d8d,Enterprise,34,6766,81192,annual,True,631,2,0,45.0,9.0,1896.8,9.0,1.0,5.0,9.0,40.888888888888886,71.44444444444444,3.5,0.0,1220,199.0,-18.0,0.02387267904509284,9.0,0.2,0.08355437665782495
A-0532a9,Company_170,FinTech,IN,2024-09-25,event,Pro,19,False,False,S-c1f8e1,Pro,19,931,11172,annual,False,616,4,1,60.0,10.0,3497.6666666666665,3.0,1.0,6.0,8.0,30.75,73.375,3.0,0.0,708,49.0,14.0,0.031496062992125984,10.0,0.05,0.09448818897637795
A-9779ad,Company_171,Cybersecurity,AU,2024-03-29,event,Pro,40,True,True,S-0896bc,Enterprise,40,7960,95520,monthly,False,626,0,0,39.0,9.75,2341.5,2.0,1.0,4.0,3.0,20.666666666666668,116.33333333333333,5.0,0.0,888,199.0,20.0,0.04615384615384615,9.75,0.05128205128205128,0.23076923076923075
A-f45426,Company_172,HealthTech,US,2024-08-05,organic,Basic,9,False,False,S-2126cd,Pro,9,441,5292,monthly,False,613,0,3,41.0,8.2,2117.8,3.0,1.0,5.0,3.0,17.0,69.0,4.0,0.0,759,49.0,20.0,0.05555555555555555,8.2,0.07317073170731707,0.2222222222222222
A-c1e51e,Company_173,FinTech,US,2024-10-02,organic,Basic,3,False,False,S-222167,Basic,41,779,9348,annual,True,613,1,1,69.0,11.5,4313.166666666667,5.0,1.0,6.0,5.0,40.0,75.6,3.2,0.0,701,19.0,34.0,0.024390243902439025,11.5,0.07246376811594203,0.07804878048780489
A-fa3095,Company_174,FinTech,US,2023-09-03,ads,Basic,70,False,False,S-33db08,Basic,70,1330,15960,annual,True,612,0,0,71.0,10.142857142857142,4816.428571428572,3.0,0.0,7.0,5.0,49.2,84.0,5.0,0.0,1096,19.0,40.0,0.0199203187250996,10.142857142857142,0.04225352112676056,0.099601593625498
A-ad64c6,Company_175,DevTools,UK,2024-02-23,event,Pro,12,False,False,S-28e360,Enterprise,28,5572,66864,annual,True,652,0,0,25.0,8.333333333333334,2683.0,2.0,1.0,3.0,4.0,34.0,98.5,5.0,0.0,923,199.0,1.0,0.02857142857142857,8.333333333333334,0.08,0.14285714285714285
A-39b19f,Company_176,FinTech,US,2023-02-03,partner,Enterprise,1,False,False,S-d7497b,Basic,13,247,2964,monthly,True,665,1,1,20.0,10.0,2737.5,5.0,0.0,2.0,6.0,47.833333333333336,87.5,4.25,1.0,1308,19.0,-20.0,0.020477815699658702,10.0,0.25,0.08703071672354948
A-56962b,Company_177,EdTech,UK,2024-04-09,partner,Enterprise,163,False,False,S-e98121,Enterprise,163,32437,389244,monthly,True,627,1,0,61.0,10.166666666666666,3011.6666666666665,5.0,2.0,6.0,4.0,37.5,105.5,3.0,0.0,877,199.0,31.0,0.025974025974025976,10.166666666666666,0.08196721311475409,0.07792207792207792
A-e60f9d,Company_178,FinTech,US,2024-08-26,other,Basic,29,False,False,S-1bd2ec,Basic,38,722,8664,annual,True,617,0,2,57.0,11.4,3437.6,2.0,1.0,5.0,2.0,70.5,106.5,,0.0,738,19.0,43.0,0.013986013986013986,11.4,0.03508771929824561,
A-88c6ca,Company_179,FinTech,DE,2024-10-25,ads,Basic,5,False,True,S-866608,Pro,23,1127,13524,annual,True,619,0,0,78.0,9.75,3527.25,4.0,1.0,7.0,1.0,56.0,12.0,,0.0,678,49.0,65.0,0.017543859649122806,11.142857142857142,0.05128205128205128,
A-158f4e,Company_180,FinTech,IN,2023-03-03,other,Enterprise,61,False,False,S-3ad334,Enterprise,61,12139,145668,monthly,True,649,0,0,42.0,10.5,2980.75,3.0,0.0,4.0,5.0,27.6,126.0,4.333333333333333,0.0,1280,199.0,11.0,0.03496503496503496,10.5,0.07142857142857142,0.1515151515151515
A-5b051a,Company_181,Cybersecurity,US,2024-08-05,event,Enterprise,22,False,False,S-ad31b0,Pro,22,1078,12936,monthly,True,613,0,0,46.0,11.5,1194.25,7.0,2.0,4.0,1.0,2.0,2.0,3.0,0.0,759,49.0,27.0,0.3333333333333333,11.5,0.15217391304347827,1.0
A-296d7c,Company_182,DevTools,DE,2023-11-08,other,Enterprise,2,False,False,S-cdfe99,Pro,6,294,3528,annual,True,646,0,0,41.0,10.25,4745.5,2.0,1.0,4.0,5.0,50.4,105.2,3.75,0.0,1030,49.0,12.0,0.019455252918287938,10.25,0.04878048780487805,0.07295719844357977
A-1619f8,Company_183,DevTools,US,2024-05-20,organic,Pro,29,False,False,S-ccc0fe,Basic,29,551,6612,monthly,True,644,1,0,47.0,9.4,4124.0,3.0,0.0,3.0,3.0,42.0,81.0,5.0,0.0,836,19.0,26.0,0.023255813953488372,15.666666666666666,0.06382978723404255,0.11627906976744186
A-a1b80b,Company_184,HealthTech,US,2023-11-27,organic,Basic,16,False,False,S-791c64,Pro,16,0,0,annual,True,665,3,1,28.0,9.333333333333334,2647.3333333333335,0.0,0.0,3.0,4.0,41.0,72.5,4.0,0.0,1011,0.0,8.0,0.023809523809523808,9.333333333333334,0.0,0.09523809523809523
A-139c3b,Company_185,HealthTech,US,2024-11-21,organic,Enterprise,10,True,True,S-e1444a,Basic,21,0,0,annual,True,612,1,0,78.0,11.142857142857142,4542.0,2.0,0.0,7.0,9.0,28.444444444444443,66.11111111111111,4.5,0.0,651,0.0,29.0,0.033962264150943396,11.142857142857142,0.02564102564102564,0.15283018867924528
A-702032,Company_186,HealthTech,US,2023-10-03,ads,Pro,28,False,False,S-9b12da,Pro,28,1372,16464,annual,True,629,1,0,76.0,12.666666666666666,3536.1666666666665,4.0,0.0,6.0,4.0,26.0,98.25,3.0,0.0,1066,49.0,48.0,0.037037037037037035,12.666666666666666,0.05263157894736842,0.1111111111111111
A-7a0d69,Company_187,DevTools,DE,2024-06-15,ads,Enterprise,4,True,True,S-f039f9,Enterprise,16,3184,38208,monthly,True,632,2,0,52.0,10.4,2934.2,5.0,2.0,5.0,2.0,29.0,52.5,5.0,0.0,810,199.0,32.0,0.03333333333333333,10.4,0.09615384615384616,0.16666666666666666
A-22d9d2,Company_188,DevTools,FR,2024-03-22,event,Pro,8,False,False,S-eed91a,Pro,32,1568,18816,monthly,True,625,2,1,46.0,11.5,4393.25,0.0,1.0,4.0,6.0,16.0,88.0,4.0,1.0,895,49.0,16.0,0.058823529411764705,11.5,0.0,0.23529411764705882
A-b9eed8,Company_189,Cybersecurity,US,2024-02-23,organic,Basic,11,False,False,S-6c9ec4,Basic,18,342,4104,monthly,True,642,0,3,59.0,11.8,4489.4,2.0,1.0,5.0,5.0,29.2,103.8,3.75,1.0,923,19.0,30.0,0.033112582781456956,11.8,0.03389830508474576,0.12417218543046359
A-dfbd31,Company_190,DevTools,UK,2023-12-04,partner,Enterprise,14,False,False,S-91c435,Basic,14,266,3192,monthly,True,633,1,1,58.0,11.6,1464.6,2.0,0.0,5.0,6.0,29.666666666666668,129.83333333333334,4.25,0.0,1004,19.0,24.0,0.03260869565217391,11.6,0.034482758620689655,0.13858695652173914
A-8e47ca,Company_191,HealthTech,US,2024-02-15,organic,Pro,19,False,False,S-93dc0e,Enterprise,25,4975,59700,monthly,True,669,1,0,52.0,10.4,4046.8,3.0,0.0,5.0,5.0,33.4,80.6,4.0,1.0,931,199.0,21.0,0.029069767441860465,10.4,0.057692307692307696,0.11627906976744186
A-4437e4,Company_192,Cybersecurity,US,2023-09-16,event,Enterprise,3,False,False,S-88a47f,Basic,9,171,2052,annual,True,619,4,1,45.0,11.25,3710.25,1.0,0.0,4.0,6.0,34.666666666666664,125.33333333333333,3.0,2.0,1083,19.0,13.0,0.028037383177570097,11.25,0.022222222222222223,0.08411214953271029
A-779e4e,Company_193,HealthTech,US,2023-01-02,organic,Basic,5,False,False,S-694aa7,Basic,98,1862,22344,annual,True,715,2,1,80.0,10.0,2097.5,5.0,1.0,7.0,5.0,26.6,91.6,4.0,0.0,1340,19.0,45.0,0.036231884057971016,11.428571428571429,0.0625,0.14492753623188406
A-53f4e3,Company_194,Cybersecurity,UK,2024-06-14,event,Enterprise,13,False,False,S-559e85,Pro,29,1421,17052,monthly,True,620,0,0,57.0,8.142857142857142,2920.0,5.0,0.0,7.0,5.0,28.6,99.0,4.0,0.0,811,49.0,22.0,0.03378378378378378,8.142857142857142,0.08771929824561403,0.13513513513513511
A-692f18,Company_195,EdTech,US,2024-03-28,other,Basic,5,True,True,S-c22c29,Enterprise,28,5572,66864,annual,True,627,2,1,44.0,11.0,3485.5,1.0,1.0,4.0,2.0,37.5,120.0,5.0,0.0,889,199.0,32.0,0.025974025974025976,11.0,0.022727272727272728,0.12987012987012989
A-13466a,Company_196,DevTools,AU,2023-10-22,event,Basic,2,False,True,S-3223a2,Basic,9,171,2052,annual,True,713,0,0,38.0,7.6,2981.2,5.0,0.0,5.0,3.0,32.333333333333336,94.33333333333333,4.333333333333333,1.0,1047,19.0,13.0,0.03,7.6,0.13157894736842105,0.12999999999999998
A-1986ca,Company_197,HealthTech,IN,2023-01-30,ads,Pro,20,False,False,S-e95f57,Enterprise,20,3980,47760,monthly,False,709,1,0,8.0,8.0,3224.0,1.0,0.0,1.0,7.0,36.57142857142857,106.57142857142857,3.4,0.0,1312,199.0,-29.0,0.02661596958174905,8.0,0.125,0.09049429657794678
A-0cc442,Company_198,EdTech,US,2024-07-18,organic,Basic,45,False,False,S-add03a,Enterprise,45,8955,107460,annual,True,624,3,1,57.0,9.5,2000.6666666666667,1.0,1.0,6.0,3.0,37.0,47.333333333333336,3.0,0.0,777,199.0,40.0,0.02631578947368421,9.5,0.017543859649122806,0.07894736842105263
A-c608c8,Company_199,DevTools,DE,2023-04-27,ads,Pro,3,False,True,S-4473ec,Pro,21,1029,12348,annual,True,691,1,1,63.0,10.5,2960.1666666666665,5.0,1.0,6.0,2.0,59.0,66.0,3.0,0.0,1225,49.0,43.0,0.016666666666666666,10.5,0.07936507936507936,0.05
A-3be56b,Company_200,HealthTech,IN,2023-10-26,event,Pro,3,False,True,S-cde950,Basic,20,380,4560,annual,False,641,1,1,79.0,11.285714285714286,3727.285714285714,9.0,0.0,6.0,4.0,40.25,74.0,3.5,0.0,1043,19.0,41.0,0.024242424242424242,13.166666666666666,0.11392405063291139,0.08484848484848485
A-354f12,Company_201,FinTech,US,2024-04-28,ads,Pro,1,True,False,S-078c2b,Basic,7,133,1596,monthly,True,664,0,1,28.0,9.333333333333334,2541.0,1.0,0.0,3.0,2.0,56.5,137.5,,0.0,858,19.0,16.0,0.017391304347826087,9.333333333333334,0.03571428571428571,
A-68f37c,Company_202,HealthTech,US,2023-07-15,ads,Basic,4,False,False,S-fc8f09,Enterprise,4,796,9552,monthly,True,698,3,0,58.0,9.666666666666666,2476.6666666666665,4.0,0.0,6.0,5.0,20.2,119.8,4.0,0.0,1146,199.0,25.0,0.04716981132075472,9.666666666666666,0.06896551724137931,0.18867924528301888
A-aa9511,Company_203,DevTools,US,2023-10-10,other,Pro,23,True,False,S-e41941,Enterprise,30,5970,71640,monthly,False,630,0,1,38.0,7.6,1217.6,1.0,0.0,4.0,2.0,56.5,98.5,4.0,0.0,1059,199.0,26.0,0.017391304347826087,9.5,0.02631578947368421,0.06956521739130435
A-af0cd2,Company_204,Cybersecurity,IN,2023-01-03,other,Enterprise,19,True,False,S-d8c6a0,Basic,57,1083,12996,annual,True,698,1,0,63.0,10.5,2393.1666666666665,2.0,1.0,6.0,3.0,54.333333333333336,149.33333333333334,,0.0,1339,19.0,44.0,0.018072289156626505,10.5,0.031746031746031744,
A-bd4513,Company_205,DevTools,AU,2024-11-06,event,Enterprise,50,True,False,S-605115,Basic,50,950,11400,annual,True,612,2,0,60.0,10.0,2102.3333333333335,9.0,0.0,6.0,3.0,42.0,58.666666666666664,4.666666666666667,0.0,666,19.0,27.0,0.023255813953488372,10.0,0.15,0.10852713178294573
A-c222ab,Company_206,Cybersecurity,US,2024-05-10,other,Pro,32,False,True,S-89e98a,Pro,32,1568,18816,monthly,True,615,1,0,124.0,10.333333333333334,2350.6666666666665,9.0,3.0,11.0,4.0,39.0,94.5,5.0,0.0,846,49.0,86.0,0.025,11.272727272727273,0.07258064516129033,0.125
A-34d880,Company_207,Cybersecurity,AU,2024-04-11,ads,Enterprise,4,False,False,S-f8e091,Enterprise,5,995,11940,monthly,True,682,0,0,66.0,11.0,4191.666666666667,2.0,0.0,6.0,5.0,52.2,90.8,3.0,0.0,875,199.0,37.0,0.018796992481203006,11.0,0.030303030303030304,0.05639097744360902
A-508199,Company_208,FinTech,AU,2024-01-28,event,Basic,19,False,False,S-a2cd6a,Enterprise,19,0,0,monthly,True,631,0,0,71.0,10.142857142857142,4499.714285714285,9.0,1.0,6.0,3.0,50.666666666666664,67.33333333333333,3.0,0.0,949,0.0,38.0,0.01935483870967742,11.833333333333334,0.1267605633802817,0.05806451612903226
A-f03140,Company_209,DevTools,IN,2023-11-22,event,Pro,27,True,False,S-ffd1ee,Pro,27,0,0,annual,True,666,1,1,83.0,11.857142857142858,3272.1428571428573,1.0,1.0,6.0,7.0,36.0,113.14285714285714,3.6666666666666665,0.0,1016,0.0,46.0,0.02702702702702703,13.833333333333334,0.012048192771084338,0.0990990990990991
A-410e86,Company_210,FinTech,US,2024-11-10,organic,Basic,24,False,False,S-2b2532,Enterprise,24,4776,57312,monthly,False,617,0,0,37.0,12.333333333333334,3342.3333333333335,1.0,0.0,3.0,5.0,42.6,110.0,3.5,0.0,662,199.0,10.0,0.02293577981651376,12.333333333333334,0.02702702702702703,0.08027522935779816
A-fa2041,Company_211,HealthTech,US,2024-05-29,organic,Pro,15,True,False,S-48c5be,Pro,39,0,0,annual,True,637,0,0,50.0,10.0,4433.2,3.0,0.0,5.0,1.0,16.0,99.0,3.0,0.0,827,0.0,39.0,0.058823529411764705,10.0,0.06,0.1764705882352941
A-de58ca,Company_212,HealthTech,DE,2023-04-13,organic,Enterprise,15,False,False,S-6e780e,Enterprise,36,7164,85968,annual,True,732,0,0,55.0,11.0,3412.4,1.0,1.0,5.0,5.0,30.6,115.0,3.3333333333333335,0.0,1239,199.0,28.0,0.03164556962025316,11.0,0.01818181818181818,0.10548523206751054
A-05d3b3,Company_213,DevTools,AU,2023-05-28,ads,Basic,9,True,False,S-3ee288,Enterprise,19,3781,45372,annual,True,702,0,0,76.0,10.857142857142858,3249.5714285714284,0.0,1.0,7.0,6.0,31.5,48.333333333333336,4.333333333333333,0.0,1194,199.0,46.0,0.03076923076923077,10.857142857142858,0.0,0.13333333333333333
A-249769,Company_214,Cybersecurity,US,2024-04-25,event,Enterprise,4,False,True,S-882f1d,Basic,7,133,1596,annual,True,651,0,0,69.0,11.5,2214.8333333333335,6.0,0.0,6.0,2.0,39.5,96.5,4.0,0.0,861,19.0,47.0,0.024691358024691357,11.5,0.08695652173913043,0.09876543209876543
A-e43bf7,Company_215,Cybersecurity,AU,2023-03-24,other,Pro,44,False,False,S-ee2669,Enterprise,44,8756,105072,annual,True,613,3,0,34.0,6.8,2178.0,0.0,1.0,5.0,5.0,27.4,80.0,4.0,1.0,1259,199.0,9.0,0.035211267605633804,6.8,0.0,0.14084507042253522
A-eb2fdc,Company_216,DevTools,AU,2023-11-21,organic,Enterprise,31,False,True,S-e44044,Basic,31,589,7068,annual,True,623,0,0,83.0,10.375,2975.875,0.0,1.0,6.0,5.0,33.6,37.6,4.5,0.0,1017,19.0,58.0,0.028901734104046242,13.833333333333334,0.0,0.13005780346820808
A-e1462e,Company_217,FinTech,UK,2023-03-12,partner,Basic,15,False,False,S-4a8fda,Basic,15,285,3420,annual,False,652,1,1,68.0,11.333333333333334,2845.3333333333335,2.0,0.0,6.0,2.0,39.5,118.5,3.5,0.0,1271,19.0,54.0,0.024691358024691357,11.333333333333334,0.029411764705882353,0.08641975308641975
A-cab532,Company_218,DevTools,FR,2023-04-03,organic,Pro,11,True,False,S-88cb91,Pro,35,1715,20580,annual,True,626,2,1,78.0,9.75,3228.0,1.0,0.0,7.0,1.0,32.0,175.0,4.0,0.0,1249,49.0,71.0,0.030303030303030304,11.142857142857142,0.01282051282051282,0.12121212121212122
A-9123ac,Company_219,Cybersecurity,DE,2023-06-20,organic,Pro,9,False,False,S-d34b17,Enterprise,18,3582,42984,annual,True,682,0,1,37.0,12.333333333333334,5018.666666666667,2.0,0.0,3.0,6.0,38.833333333333336,91.66666666666667,4.2,0.0,1171,199.0,3.0,0.02510460251046025,12.333333333333334,0.05405405405405406,0.10543933054393306
A-6e08f3,Company_220,Cybersecurity,US,2023-02-27,event,Basic,8,False,False,S-2480b0,Basic,13,247,2964,annual,True,615,1,1,48.0,12.0,4873.75,2.0,0.0,4.0,2.0,36.5,137.0,3.5,0.0,1284,19.0,34.0,0.02666666666666667,12.0,0.041666666666666664,0.09333333333333334
A-d922bf,Company_221,HealthTech,US,2023-09-08,ads,Basic,5,True,True,S-8b4074,Enterprise,9,1791,21492,annual,True,632,0,0,52.0,10.4,2405.6,0.0,0.0,4.0,7.0,39.142857142857146,101.14285714285714,3.3333333333333335,1.0,1091,199.0,17.0,0.02491103202846975,13.0,0.0,0.0830367734282325
A-8ed5dd,Company_222,EdTech,UK,2023-06-29,event,Enterprise,5,False,True,S-713c12,Basic,15,285,3420,monthly,True,645,3,1,,,,,,,6.0,29.0,96.83333333333333,3.75,0.0,1162,19.0,,0.03333333333333333,,,0.125
A-7c6b6b,Company_223,FinTech,US,2024-11-30,other,Basic,6,False,False,S-32ab86,Pro,23,1127,13524,monthly,True,614,0,0,31.0,7.75,3052.0,2.0,0.0,4.0,5.0,52.2,82.4,4.333333333333333,0.0,642,49.0,2.0,0.018796992481203006,7.75,0.06451612903225806,0.08145363408521303
A-3c1a3f,Company_224,DevTools,UK,2023-08-26,event,Pro,1,False,False,S-72a3e2,Basic,7,133,1596,annual,False,677,0,1,18.0,9.0,4050.0,0.0,0.0,2.0,4.0,33.25,56.5,3.5,0.0,1104,19.0,-2.0,0.029197080291970802,9.0,0.0,0.10218978102189781
A-b48f73,Company_225,EdTech,AU,2024-11-13,event,Pro,80,True,False,S-323f3e,Pro,80,3920,47040,annual,False,615,0,0,69.0,8.625,1761.5,2.0,0.0,7.0,3.0,28.666666666666668,35.333333333333336,4.0,0.0,659,49.0,50.0,0.033707865168539325,9.857142857142858,0.028985507246376812,0.1348314606741573
A-76fa4d,Company_226,HealthTech,US,2024-11-24,event,Pro,69,False,False,S-b01b1c,Pro,69,3381,40572,monthly,True,618,0,0,54.0,7.714285714285714,2584.1428571428573,3.0,1.0,7.0,5.0,33.4,111.8,4.5,0.0,648,49.0,23.0,0.029069767441860465,7.714285714285714,0.05555555555555555,0.1308139534883721
A-b2af2e,Company_227,Cybersecurity,UK,2024-08-24,event,Enterprise,5,False,False,S-635c1e,Basic,54,1026,12312,annual,False,611,0,1,55.0,11.0,4781.0,2.0,1.0,5.0,2.0,39.5,95.0,4.0,0.0,740,19.0,41.0,0.024691358024691357,11.0,0.03636363636363636,0.09876543209876543
A-9bfc9f,Company_228,DevTools,CA,2023-09-14,ads,Pro,53,False,False,S-5ede24,Pro,60,2940,35280,monthly,True,765,3,2,72.0,10.285714285714286,3204.4285714285716,2.0,2.0,7.0,6.0,35.333333333333336,84.33333333333333,3.3333333333333335,1.0,1085,49.0,38.0,0.027522935779816512,10.285714285714286,0.027777777777777776,0.09174311926605504
A-4ae22a,Company_229,EdTech,US,2024-05-09,other,Pro,6,False,True,S-68dca1,Basic,28,532,6384,annual,True,619,0,0,38.0,9.5,3799.0,4.0,0.0,4.0,3.0,14.333333333333334,72.66666666666667,3.0,0.0,847,19.0,15.0,0.06521739130434782,9.5,0.10526315789473684,0.19565217391304346
A-fda07f,Company_230,Cybersecurity,FR,2024-08-11,partner,Basic,7,False,False,S-7077ab,Basic,14,266,3192,monthly,True,612,4,1,122.0,11.090909090909092,3243.0,6.0,0.0,10.0,5.0,17.8,57.0,4.0,0.0,753,19.0,85.0,0.05319148936170213,12.2,0.04918032786885246,0.2127659574468085
A-de24d5,Company_231,DevTools,US,2024-11-05,other,Enterprise,5,True,False,S-c98905,Pro,5,245,2940,monthly,False,614,0,0,25.0,8.333333333333334,2080.6666666666665,2.0,1.0,3.0,7.0,43.142857142857146,103.42857142857143,3.0,0.0,667,49.0,-14.0,0.022653721682847894,8.333333333333334,0.08,0.06796116504854369
A-977ca0,Company_232,HealthTech,IN,2023-02-20,partner,Basic,6,False,True,S-dfbd79,Pro,14,686,8232,annual,True,648,1,0,43.0,7.166666666666667,1537.6666666666667,4.0,0.0,6.0,3.0,64.0,123.0,4.0,0.0,1291,49.0,20.0,0.015384615384615385,7.166666666666667,0.09302325581395349,0.06153846153846154
A-ab438f,Company_233,Cybersecurity,US,2024-09-13,ads,Enterprise,13,False,True,S-f0e458,Pro,77,0,0,monthly,True,615,1,0,37.0,12.333333333333334,3840.0,4.0,1.0,3.0,2.0,33.5,112.5,3.5,0.0,720,0.0,19.0,0.028985507246376812,12.333333333333334,0.10810810810810811,0.10144927536231885
A-e89151,Company_234,FinTech,UK,2023-09-14,organic,Pro,8,True,True,S-a68b52,Enterprise,44,8756,105072,annual,True,625,3,0,61.0,10.166666666666666,3088.3333333333335,5.0,0.0,6.0,2.0,41.5,48.5,5.0,0.0,1085,199.0,41.0,0.023529411764705882,10.166666666666666,0.08196721311475409,0.11764705882352941
A-40906c,Company_235,EdTech,US,2024-03-27,ads,Basic,92,False,False,S-77c880,Pro,92,4508,54096,annual,True,641,0,0,53.0,10.6,3169.2,5.0,1.0,5.0,5.0,29.2,95.0,3.75,0.0,890,49.0,18.0,0.033112582781456956,10.6,0.09433962264150944,0.12417218543046359
A-81edc3,Company_236,Cybersecurity,IN,2023-10-30,ads,Basic,5,False,False,S-a3300f,Enterprise,5,995,11940,annual,True,626,2,0,109.0,9.909090909090908,3203.181818181818,1.0,1.0,10.0,3.0,52.666666666666664,70.0,4.0,0.0,1039,199.0,92.0,0.018633540372670808,10.9,0.009174311926605505,0.07453416149068323
A-328bd0,Company_237,HealthTech,AU,2023-05-16,partner,Enterprise,18,False,False,S-67c1d8,Pro,18,882,10584,annual,True,624,1,1,49.0,12.25,2706.0,6.0,0.0,4.0,5.0,46.0,68.2,3.6666666666666665,0.0,1206,49.0,12.0,0.02127659574468085,12.25,0.12244897959183673,0.07801418439716312
A-b3fe05,Company_238,Cybersecurity,CA,2024-05-28,partner,Pro,8,False,False,S-cfcb11,Basic,19,0,0,annual,False,622,0,0,32.0,8.0,1561.75,1.0,0.0,4.0,4.0,48.25,94.25,3.0,0.0,828,0.0,10.0,0.02030456852791878,8.0,0.03125,0.06091370558375634
A-09540c,Company_239,Cybersecurity,CA,2023-10-30,event,Basic,67,True,False,S-a18bb2,Pro,67,3283,39396,monthly,True,620,1,1,29.0,14.5,5818.5,1.0,0.0,2.0,2.0,28.0,89.0,4.5,0.0,1039,49.0,17.0,0.034482758620689655,14.5,0.034482758620689655,0.15517241379310345
A-e693b6,Company_240,FinTech,AU,2023-05-25,event,Enterprise,55,False,True,S-770d98,Enterprise,55,10945,131340,annual,True,653,1,0,47.0,11.75,4036.25,4.0,1.0,4.0,1.0,1.0,144.0,3.0,0.0,1197,199.0,34.0,0.5,11.75,0.0851063829787234,1.5
A-2446e3,Company_241,EdTech,IN,2024-01-10,organic,Pro,27,False,False,S-fe6eb1,Enterprise,27,5373,64476,monthly,True,633,1,1,62.0,8.857142857142858,2269.285714285714,10.0,0.0,7.0,3.0,28.666666666666668,104.66666666666667,4.0,0.0,967,199.0,27.0,0.033707865168539325,8.857142857142858,0.16129032258064516,0.1348314606741573
A-241e75,Company_242,EdTech,US,2024-07-03,partner,Enterprise,3,False,False,S-fe910d,Basic,5,95,1140,monthly,True,684,0,1,55.0,7.857142857142857,2137.4285714285716,3.0,1.0,7.0,4.0,31.5,101.0,4.5,0.0,792,19.0,29.0,0.03076923076923077,7.857142857142857,0.05454545454545454,0.13846153846153847
A-922109,Company_243,Cybersecurity,US,2024-01-26,ads,Pro,3,False,False,S-2d494e,Basic,5,0,0,monthly,True,641,0,0,56.0,11.2,4165.2,4.0,2.0,5.0,3.0,25.333333333333332,127.0,3.0,0.0,951,0.0,33.0,0.0379746835443038,11.2,0.07142857142857142,0.11392405063291139
A-ff3c73,Company_244,HealthTech,AU,2023-01-26,other,Pro,21,False,False,S-f30a79,Basic,21,399,4788,annual,True,683,1,0,57.0,9.5,3084.0,9.0,1.0,6.0,2.0,35.5,97.5,3.5,0.0,1316,19.0,29.0,0.0273972602739726,9.5,0.15789473684210525,0.0958904109589041
A-8b0451,Company_245,FinTech,UK,2024-09-16,event,Enterprise,41,False,False,S-bf424e,Enterprise,41,8159,97908,annual,True,620,0,0,41.0,13.666666666666666,3915.3333333333335,1.0,0.0,3.0,7.0,26.571428571428573,83.71428571428571,3.5,0.0,717,199.0,4.0,0.03626943005181347,13.666666666666666,0.024390243902439025,0.12694300518134713
A-331424,Company_246,DevTools,US,2023-11-06,organic,Basic,11,False,False,S-91ec54,Pro,11,0,0,monthly,False,668,0,0,20.0,10.0,1936.5,2.0,0.0,2.0,2.0,24.5,98.5,,0.0,1032,0.0,6.0,0.0392156862745098,10.0,0.1,
A-51ec1b,Company_247,DevTools,US,2023-11-08,ads,Enterprise,7,False,False,S-3bd95c,Enterprise,17,3383,40596,annual,True,660,3,2,95.0,10.555555555555555,4236.222222222223,4.0,1.0,9.0,3.0,52.333333333333336,150.0,5.0,1.0,1030,199.0,72.0,0.01875,10.555555555555555,0.042105263157894736,0.09375
A-bcf664,Company_248,DevTools,US,2023-05-19,other,Pro,5,False,False,S-14d060,Pro,47,2303,27636,annual,True,630,0,0,34.0,8.5,1295.5,1.0,0.0,4.0,5.0,36.0,110.6,4.0,1.0,1203,49.0,7.0,0.02702702702702703,8.5,0.029411764705882353,0.10810810810810811
A-90a8c8,Company_249,FinTech,AU,2024-08-24,organic,Pro,15,False,False,S-58a152,Enterprise,15,2985,35820,monthly,False,639,2,0,61.0,8.714285714285714,2038.2857142857142,1.0,1.0,6.0,4.0,45.0,29.5,3.25,0.0,740,199.0,39.0,0.021739130434782608,10.166666666666666,0.01639344262295082,0.07065217391304347
A-86cdb4,Company_250,DevTools,DE,2024-09-22,partner,Basic,2,False,False,S-684751,Basic,17,323,3876,monthly,True,611,0,0,37.0,7.4,1721.4,1.0,0.0,3.0,5.0,26.4,105.8,4.333333333333333,0.0,711,19.0,10.0,0.03649635036496351,12.333333333333334,0.02702702702702703,0.15815085158150852
A-4bfa33,Company_251,Cybersecurity,US,2024-12-07,event,Basic,8,True,False,S-b8daaa,Enterprise,8,0,0,annual,True,617,0,0,25.0,8.333333333333334,2261.0,0.0,0.0,3.0,4.0,16.5,84.75,3.6666666666666665,0.0,635,0.0,5.0,0.05714285714285714,8.333333333333334,0.0,0.2095238095238095
A-dbc825,Company_252,EdTech,FR,2024-01-07,partner,Enterprise,19,False,False,S-cd6bb6,Basic,19,361,4332,annual,True,647,2,0,92.0,10.222222222222221,2852.4444444444443,11.0,1.0,8.0,6.0,49.5,108.16666666666667,4.0,1.0,970,19.0,40.0,0.019801980198019802,11.5,0.11956521739130435,0.07920792079207921
A-c70870,Company_253,Cybersecurity,US,2024-10-22,partner,Basic,31,False,False,S-6eeae1,Pro,94,4606,55272,annual,True,613,2,1,18.0,9.0,2987.5,3.0,0.0,2.0,5.0,35.6,105.8,4.0,0.0,681,49.0,-13.0,0.0273224043715847,9.0,0.16666666666666666,0.1092896174863388
A-7c4956,Company_254,DevTools,US,2023-05-06,ads,Enterprise,5,False,True,S-6fde5e,Basic,27,513,6156,annual,True,622,0,0,84.0,10.5,2544.125,5.0,1.0,7.0,3.0,13.666666666666666,66.66666666666667,4.0,0.0,1216,19.0,59.0,0.06818181818181819,12.0,0.05952380952380952,0.27272727272727276
A-0651a4,Company_255,HealthTech,FR,2024-10-16,organic,Pro,16,False,False,S-8c10c1,Enterprise,65,12935,155220,annual,True,617,0,0,49.0,12.25,3422.25,5.0,0.0,4.0,4.0,29.25,48.5,4.0,0.0,687,199.0,19.0,0.03305785123966942,12.25,0.10204081632653061,0.1322314049586777
A-3ce5b8,Company_256,FinTech,IN,2023-09-07,ads,Basic,8,False,True,S-e4a862,Enterprise,8,0,0,annual,True,700,0,0,45.0,11.25,1967.0,7.0,1.0,4.0,10.0,42.5,101.8,3.7142857142857144,0.0,1092,0.0,-19.0,0.022988505747126436,11.25,0.15555555555555556,0.08538587848932677
A-bd4708,Company_257,FinTech,US,2024-07-21,ads,Pro,37,True,False,S-bd1ee1,Enterprise,37,7363,88356,monthly,True,624,1,0,118.0,11.8,3813.8,1.0,1.0,9.0,4.0,24.0,90.75,3.5,0.0,774,199.0,96.0,0.04,13.11111111111111,0.00847457627118644,0.14
A-993085,Company_258,HealthTech,US,2023-06-01,ads,Basic,31,True,False,S-0455a5,Enterprise,42,8358,100296,monthly,False,681,2,2,31.0,7.75,1105.75,4.0,1.0,4.0,4.0,46.5,82.0,3.5,0.0,1190,199.0,3.0,0.021052631578947368,7.75,0.12903225806451613,0.07368421052631578
A-92a3af,Company_259,Cybersecurity,IN,2024-07-07,organic,Enterprise,25,False,False,S-9a065e,Pro,25,1225,14700,monthly,True,648,0,2,16.0,8.0,3748.0,4.0,0.0,2.0,4.0,57.5,39.0,4.0,1.0,788,49.0,-12.0,0.017094017094017096,8.0,0.25,0.06837606837606838
A-151c9a,Company_260,FinTech,US,2023-01-27,ads,Enterprise,23,False,False,S-c033fa,Pro,52,2548,30576,monthly,False,799,0,1,68.0,9.714285714285714,3617.714285714286,4.0,0.0,7.0,2.0,31.0,156.5,3.5,0.0,1315,49.0,50.0,0.03125,9.714285714285714,0.058823529411764705,0.109375
A-474ad4,Company_261,EdTech,US,2023-11-28,organic,Basic,8,False,False,S-d88b25,Enterprise,24,4776,57312,annual,False,613,1,1,9.0,9.0,297.0,0.0,0.0,1.0,3.0,33.0,50.666666666666664,5.0,1.0,1010,199.0,-6.0,0.029411764705882353,9.0,0.0,0.14705882352941177
A-4ef964,Company_262,HealthTech,US,2024-03-07,organic,Pro,17,False,False,S-7d651b,Pro,28,1372,16464,monthly,True,657,0,0,23.0,7.666666666666667,2233.0,6.0,0.0,3.0,3.0,42.666666666666664,86.33333333333333,4.0,0.0,910,49.0,-4.0,0.022900763358778626,7.666666666666667,0.2608695652173913,0.0916030534351145
A-fd9422,Company_263,Cybersecurity,US,2024-04-04,organic,Pro,58,False,False,S-b03125,Pro,58,2842,34104,annual,True,622,1,1,119.0,10.818181818181818,3207.7272727272725,10.0,0.0,9.0,6.0,44.333333333333336,116.83333333333333,3.5,1.0,882,49.0,69.0,0.022058823529411763,13.222222222222221,0.08403361344537816,0.07720588235294117
A-0baac2,Company_264,FinTech,DE,2024-05-30,organic,Enterprise,14,False,True,S-33df6f,Enterprise,14,2786,33432,monthly,True,631,0,0,36.0,9.0,2515.0,1.0,0.0,4.0,6.0,43.5,89.0,4.333333333333333,0.0,826,199.0,4.0,0.02247191011235955,9.0,0.027777777777777776,0.09737827715355804
A-bb1486,Company_265,HealthTech,US,2024-11-05,organic,Basic,41,False,False,S-bae2c4,Pro,67,3283,39396,annual,True,617,0,2,16.0,8.0,3239.5,0.0,0.0,2.0,3.0,11.0,78.0,3.0,0.0,667,49.0,1.0,0.08333333333333333,8.0,0.0,0.25
A-560d27,Company_266,DevTools,US,2024-05-05,organic,Pro,23,False,False,S-f3f2bd,Basic,29,0,0,annual,True,625,1,0,34.0,8.5,2659.0,2.0,0.0,4.0,4.0,30.75,59.75,3.6666666666666665,0.0,851,0.0,10.0,0.031496062992125984,8.5,0.058823529411764705,0.11548556430446194
A-0b0d6d,Company_267,DevTools,US,2024-12-30,organic,Pro,3,False,False,S-5c4dd7,Pro,21,1029,12348,annual,True,611,1,0,46.0,9.2,3879.2,3.0,0.0,4.0,5.0,31.4,90.4,4.0,1.0,612,49.0,15.0,0.0308641975308642,11.5,0.06521739130434782,0.1234567901234568
A-2789e3,Company_268,FinTech,US,2024-09-14,partner,Enterprise,11,False,False,S-cf30e2,Pro,11,0,0,monthly,True,628,1,1,58.0,11.6,2615.8,0.0,0.0,5.0,4.0,47.25,83.25,4.0,0.0,719,0.0,38.0,0.02072538860103627,11.6,0.0,0.08290155440414508
A-b07346,Company_269,HealthTech,US,2024-10-10,partner,Pro,51,False,True,S-fd04d6,Enterprise,51,0,0,annual,True,614,1,0,77.0,9.625,3929.625,7.0,2.0,5.0,3.0,42.333333333333336,76.66666666666667,3.5,0.0,693,0.0,48.0,0.023076923076923075,15.4,0.09090909090909091,0.08076923076923076
A-902ef7,Company_270,HealthTech,US,2024-09-03,other,Enterprise,83,False,True,S-b6aabe,Basic,83,1577,18924,annual,True,617,2,0,11.0,11.0,5643.0,3.0,0.0,1.0,2.0,48.5,85.0,4.0,0.0,730,19.0,-5.0,0.020202020202020204,11.0,0.2727272727272727,0.08080808080808081
A-20736a,Company_271,EdTech,IN,2024-03-16,organic,Enterprise,50,False,False,S-62f5b1,Enterprise,50,9950,119400,annual,True,649,1,1,45.0,11.25,3366.5,2.0,1.0,4.0,4.0,42.25,78.25,3.75,0.0,901,199.0,21.0,0.023121387283236993,11.25,0.044444444444444446,0.08670520231213873
A-e4bf56,Company_272,HealthTech,IN,2024-10-28,ads,Pro,17,False,True,S-51569a,Enterprise,22,4378,52536,monthly,True,617,0,1,61.0,12.2,3720.6,0.0,0.0,5.0,8.0,29.125,111.5,3.6666666666666665,0.0,675,199.0,21.0,0.03319502074688797,12.2,0.0,0.12171507607192254
A-cea1f0,Company_273,FinTech,US,2024-04-07,event,Pro,8,False,True,S-b59bff,Enterprise,8,1592,19104,annual,False,615,1,1,39.0,13.0,4045.0,1.0,0.0,3.0,5.0,42.2,107.4,4.333333333333333,0.0,879,199.0,12.0,0.023148148148148147,13.0,0.02564102564102564,0.10030864197530863
A-ef84cf,Company_274,EdTech,US,2024-03-01,partner,Enterprise,8,False,False,S-1ffdd8,Basic,8,152,1824,monthly,True,756,0,1,69.0,11.5,2925.6666666666665,1.0,0.0,6.0,5.0,34.8,79.4,4.333333333333333,1.0,916,19.0,42.0,0.02793296089385475,11.5,0.014492753623188406,0.12104283054003724
A-d49cc5,Company_275,Cybersecurity,FR,2023-09-19,event,Basic,50,False,False,S-8317da,Basic,50,950,11400,monthly,True,632,0,0,74.0,10.571428571428571,3287.714285714286,4.0,2.0,6.0,4.0,32.0,55.25,4.5,0.0,1080,19.0,46.0,0.030303030303030304,12.333333333333334,0.05405405405405406,0.13636363636363635
A-67be94,Company_276,EdTech,US,2023-04-04,organic,Enterprise,26,False,False,S-a707da,Pro,26,1274,15288,monthly,True,624,1,0,29.0,9.666666666666666,2522.6666666666665,4.0,0.0,3.0,5.0,38.6,51.0,4.0,0.0,1248,49.0,-4.0,0.025252525252525252,9.666666666666666,0.13793103448275862,0.10101010101010101
A-4e960a,Company_277,FinTech,US,2024-01-17,other,Enterprise,12,True,True,S-a87ff6,Basic,12,228,2736,monthly,True,634,0,1,41.0,10.25,1986.0,5.0,0.0,4.0,6.0,29.166666666666668,83.16666666666667,4.0,0.0,960,19.0,1.0,0.03314917127071823,10.25,0.12195121951219512,0.13259668508287292
A-c37cab,Company_278,Cybersecurity,UK,2024-07-29,event,Pro,13,False,False,S-cb853a,Basic,23,437,5244,annual,True,625,1,1,52.0,10.4,2777.6,2.0,1.0,5.0,4.0,33.0,101.25,3.75,1.0,766,19.0,28.0,0.029411764705882353,10.4,0.038461538461538464,0.11029411764705882
A-533452,Company_279,DevTools,AU,2024-11-12,organic,Pro,9,False,False,S-8deb5f,Basic,52,988,11856,annual,False,617,1,2,69.0,11.5,3190.5,3.0,0.0,5.0,4.0,32.75,35.5,4.0,0.0,660,19.0,43.0,0.02962962962962963,13.8,0.043478260869565216,0.11851851851851852
A-443b7c,Company_280,Cybersecurity,US,2024-09-06,other,Enterprise,1,False,True,S-1e83a6,Basic,8,152,1824,annual,True,613,4,0,21.0,7.0,2328.0,1.0,0.0,3.0,8.0,29.25,49.0,4.4,0.0,727,19.0,-21.0,0.03305785123966942,7.0,0.047619047619047616,0.14545454545454548
A-1f7acb,Company_281,FinTech,UK,2023-08-06,ads,Basic,64,True,False,S-f4a3ac,Enterprise,64,12736,152832,annual,True,711,1,3,26.0,6.5,2152.25,1.0,0.0,4.0,7.0,41.714285714285715,129.57142857142858,4.4,0.0,1124,199.0,-11.0,0.023411371237458192,6.5,0.038461538461538464,0.10301003344481606
A-f51f16,Company_282,HealthTech,US,2023-12-25,partner,Enterprise,1,False,False,S-e90e70,Basic,2,38,456,annual,True,737,2,0,36.0,9.0,3422.0,2.0,1.0,4.0,4.0,29.25,91.0,3.0,0.0,983,19.0,12.0,0.03305785123966942,9.0,0.05555555555555555,0.09917355371900827
A-5a3eb9,Company_283,DevTools,CA,2023-08-20,other,Enterprise,18,True,False,S-75c1b4,Pro,18,882,10584,annual,True,632,0,2,47.0,9.4,2805.0,1.0,0.0,5.0,3.0,24.0,83.0,,0.0,1110,49.0,30.0,0.04,9.4,0.02127659574468085,
A-5f2961,Company_284,HealthTech,US,2024-11-22,partner,Basic,4,False,False,S-8cad7b,Basic,16,304,3648,annual,True,619,0,0,39.0,13.0,4748.333333333333,2.0,0.0,2.0,1.0,53.0,19.0,,0.0,650,19.0,30.0,0.018518518518518517,19.5,0.05128205128205128,
A-417d2f,Company_285,Cybersecurity,IN,2023-07-04,partner,Pro,4,True,False,S-0a3e58,Pro,33,1617,19404,monthly,True,614,1,0,23.0,11.5,2306.0,2.0,1.0,2.0,6.0,43.5,80.5,4.333333333333333,0.0,1157,49.0,-11.0,0.02247191011235955,11.5,0.08695652173913043,0.09737827715355804
A-e98302,Company_286,EdTech,US,2023-12-26,ads,Enterprise,16,True,False,S-008f3c,Pro,58,2842,34104,annual,True,619,0,0,6.0,6.0,1950.0,0.0,1.0,1.0,9.0,44.44444444444444,99.44444444444444,4.142857142857143,0.0,982,49.0,-39.0,0.022004889975550123,6.0,0.0,0.09116311561299338
A-8bde0c,Company_287,DevTools,US,2024-11-04,organic,Basic,12,False,False,S-937207,Enterprise,12,2388,28656,monthly,True,614,2,0,37.0,7.4,3247.8,6.0,1.0,5.0,3.0,25.666666666666668,86.33333333333333,4.0,0.0,668,199.0,10.0,0.0375,7.4,0.16216216216216217,0.15
A-bcf87c,Company_288,FinTech,US,2024-06-27,event,Pro,10,False,True,S-c555c4,Enterprise,17,3383,40596,monthly,True,629,0,1,31.0,7.75,3611.75,0.0,0.0,4.0,2.0,63.0,49.5,4.0,0.0,798,199.0,21.0,0.015625,7.75,0.0,0.0625
A-54ecc2,Company_289,Cybersecurity,US,2023-06-11,partner,Enterprise,4,False,False,S-eea643,Enterprise,28,5572,66864,monthly,True,673,0,1,51.0,10.2,3796.8,2.0,1.0,5.0,5.0,37.4,72.0,5.0,0.0,1180,199.0,22.0,0.026041666666666668,10.2,0.0392156862745098,0.13020833333333334
A-625d0b,Company_290,EdTech,AU,2024-09-02,ads,Basic,9,False,False,S-29ec80,Enterprise,9,1791,21492,annual,True,613,0,0,42.0,8.4,2093.0,1.0,1.0,4.0,5.0,48.4,72.4,3.0,0.0,731,199.0,15.0,0.020242914979757085,10.5,0.023809523809523808,0.06072874493927126
A-fce879,Company_291,EdTech,UK,2024-09-24,partner,Pro,10,True,True,S-b147b9,Basic,21,399,4788,annual,True,629,0,1,52.0,8.666666666666666,1495.6666666666667,2.0,0.0,6.0,2.0,28.0,61.5,4.0,0.0,709,19.0,38.0,0.034482758620689655,8.666666666666666,0.038461538461538464,0.13793103448275862
A-b07b56,Company_292,DevTools,US,2024-11-08,event,Pro,25,False,True,S-80dc6b,Basic,25,0,0,annual,True,621,0,0,14.0,7.0,1200.5,3.0,0.0,2.0,4.0,31.25,93.75,3.0,0.0,664,0.0,-12.0,0.031007751937984496,7.0,0.21428571428571427,0.09302325581395349
A-6da850,Company_293,FinTech,IN,2023-10-07,organic,Pro,5,False,False,S-42aaf0,Basic,6,114,1368,annual,True,611,3,1,40.0,10.0,2005.25,2.0,0.0,4.0,5.0,49.0,76.4,4.0,0.0,1062,19.0,11.0,0.02,10.0,0.05,0.08
A-342303,Company_294,EdTech,US,2024-03-16,other,Pro,1,True,False,S-52d03a,Enterprise,10,0,0,annual,True,642,0,0,53.0,8.833333333333334,1428.5,1.0,1.0,6.0,3.0,29.333333333333332,71.33333333333333,4.5,0.0,901,0.0,36.0,0.03296703296703297,8.833333333333334,0.018867924528301886,0.14835164835164835
A-e7a1e2,Company_295,Cybersecurity,US,2024-06-23,event,Enterprise,3,False,False,S-df69fe,Enterprise,44,8756,105072,annual,True,613,0,0,35.0,11.666666666666666,2681.6666666666665,0.0,0.0,3.0,1.0,45.0,37.0,4.0,0.0,802,199.0,30.0,0.021739130434782608,11.666666666666666,0.0,0.08695652173913043
A-f1f639,Company_296,EdTech,US,2023-02-26,ads,Basic,2,False,False,S-f52fd6,Enterprise,9,1791,21492,monthly,True,714,1,0,55.0,11.0,3252.8,8.0,1.0,5.0,7.0,20.0,67.57142857142857,4.8,0.0,1285,199.0,4.0,0.047619047619047616,11.0,0.14545454545454545,0.22857142857142854
A-a865bd,Company_297,Cybersecurity,US,2023-09-19,organic,Pro,38,False,False,S-018501,Pro,56,2744,32928,monthly,False,714,0,0,62.0,10.333333333333334,2719.0,3.0,2.0,6.0,2.0,31.5,21.5,3.0,0.0,1080,49.0,46.0,0.03076923076923077,10.333333333333334,0.04838709677419355,0.09230769230769231
A-4e631b,Company_298,FinTech,US,2024-03-16,other,Enterprise,22,False,False,S-f5888c,Basic,22,418,5016,annual,True,632,1,1,62.0,10.333333333333334,2176.5,1.0,1.0,6.0,2.0,24.5,52.0,4.0,0.0,901,19.0,50.0,0.0392156862745098,10.333333333333334,0.016129032258064516,0.1568627450980392
A-7f6b86,Company_299,HealthTech,US,2023-08-24,partner,Basic,45,True,True,S-5ddf8d,Basic,45,855,10260,annual,True,636,3,0,92.0,11.5,3765.125,0.0,0.0,7.0,7.0,40.42857142857143,96.57142857142857,3.6666666666666665,0.0,1106,19.0,57.0,0.02413793103448276,13.142857142857142,0.0,0.08850574712643677
A-8adedc,Company_300,EdTech,US,2024-02-11,event,Basic,4,True,True,S-26deeb,Pro,68,3332,39984,annual,True,726,0,0,19.0,9.5,2693.5,0.0,0.0,2.0,4.0,49.25,56.75,4.0,0.0,935,49.0,-1.0,0.01990049751243781,9.5,0.0,0.07960199004975124
A-2edab2,Company_301,HealthTech,US,2023-11-17,event,Enterprise,17,False,False,S-f73a84,Pro,17,833,9996,monthly,True,627,1,0,51.0,10.2,2006.6,2.0,1.0,5.0,4.0,30.0,102.25,3.0,0.0,1021,49.0,27.0,0.03225806451612903,10.2,0.0392156862745098,0.0967741935483871
A-149a69,Company_302,DevTools,US,2024-10-17,event,Basic,34,False,False,S-4c5456,Basic,34,646,7752,monthly,True,623,0,0,54.0,10.8,3294.6,5.0,0.0,5.0,8.0,33.875,120.875,4.2,0.0,686,19.0,4.0,0.02867383512544803,10.8,0.09259259259259259,0.12043010752688173
A-a6d261,Company_303,FinTech,CA,2023-11-29,other,Pro,9,False,False,S-58d2c8,Basic,13,247,2964,annual,True,653,3,0,51.0,12.75,5026.75,1.0,0.0,4.0,4.0,40.0,63.25,4.666666666666667,1.0,1009,19.0,29.0,0.024390243902439025,12.75,0.0196078431372549,0.11382113821138212
A-443f6f,Company_304,Cybersecurity,US,2024-12-07,organic,Basic,19,False,False,S-e86a94,Pro,19,931,11172,monthly,True,616,1,0,26.0,8.666666666666666,2828.6666666666665,0.0,0.0,3.0,4.0,28.0,122.25,4.666666666666667,0.0,635,49.0,6.0,0.034482758620689655,8.666666666666666,0.0,0.16091954022988506
A-202b67,Company_305,HealthTech,US,2024-03-22,organic,Pro,11,False,False,S-b5162d,Enterprise,29,5771,69252,monthly,True,694,1,0,,,,,,,4.0,36.75,90.5,4.666666666666667,0.0,895,199.0,,0.026490066225165563,,,0.12362030905077263
A-00bed1,Company_306,Cybersecurity,US,2023-11-14,ads,Basic,28,True,False,S-289702,Enterprise,28,5572,66864,annual,False,732,3,0,16.0,8.0,2136.0,3.0,0.0,2.0,4.0,31.75,106.25,4.0,0.0,1024,199.0,-10.0,0.030534351145038167,8.0,0.1875,0.12213740458015267
A-ffc04f,Company_307,EdTech,US,2024-06-06,ads,Pro,13,False,False,S-e27a20,Basic,13,247,2964,monthly,True,614,0,1,59.0,9.833333333333334,2836.3333333333335,9.0,1.0,6.0,7.0,17.714285714285715,58.57142857142857,4.5,1.0,819,19.0,6.0,0.05343511450381679,9.833333333333334,0.15254237288135594,0.24045801526717556
A-65c341,Company_308,FinTech,US,2023-12-26,ads,Pro,11,True,False,S-71827b,Pro,39,1911,22932,monthly,True,657,0,0,32.0,10.666666666666666,3111.3333333333335,0.0,0.0,3.0,5.0,41.4,87.8,4.0,0.0,982,49.0,7.0,0.02358490566037736,10.666666666666666,0.0,0.09433962264150944
A-dcc2f0,Company_309,FinTech,UK,2023-07-22,organic,Basic,15,False,False,S-ff1b11,Basic,32,608,7296,annual,False,642,2,0,62.0,10.333333333333334,3045.6666666666665,2.0,0.0,6.0,2.0,27.0,100.0,,0.0,1139,19.0,48.0,0.03571428571428571,10.333333333333334,0.03225806451612903,
A-ced9aa,Company_310,DevTools,US,2024-10-05,other,Enterprise,3,False,False,S-a72188,Pro,3,147,1764,annual,True,611,0,0,34.0,8.5,2311.25,5.0,0.0,4.0,7.0,28.857142857142858,102.85714285714286,3.0,0.0,698,49.0,-11.0,0.03349282296650718,8.5,0.14705882352941177,0.10047846889952153
A-3d957b,Company_311,HealthTech,UK,2024-04-04,other,Pro,14,False,False,S-2cc962,Enterprise,14,2786,33432,annual,False,687,3,0,22.0,7.333333333333333,2203.3333333333335,2.0,1.0,3.0,3.0,41.333333333333336,79.33333333333333,3.0,0.0,882,199.0,3.0,0.023622047244094488,7.333333333333333,0.09090909090909091,0.07086614173228346
A-89ee83,Company_312,Cybersecurity,US,2024-10-04,organic,Pro,1,False,True,S-bf304b,Enterprise,18,3582,42984,monthly,True,615,3,0,27.0,9.0,2018.3333333333333,1.0,0.0,3.0,5.0,21.8,66.2,4.0,1.0,699,199.0,0.0,0.043859649122807015,9.0,0.037037037037037035,0.17543859649122806
A-883b7d,Company_313,Cybersecurity,IN,2024-03-28,other,Basic,17,False,False,S-8bb388,Enterprise,50,9950,119400,annual,True,742,0,0,65.0,9.285714285714286,2822.4285714285716,4.0,1.0,6.0,7.0,25.571428571428573,62.285714285714285,3.6,1.0,889,199.0,22.0,0.03763440860215054,10.833333333333334,0.06153846153846154,0.13548387096774195
A-dcc3f1,Company_314,HealthTech,US,2023-12-27,event,Pro,21,False,False,S-3dc066,Basic,21,399,4788,annual,False,652,0,1,46.0,11.5,2845.0,4.0,1.0,3.0,9.0,35.666666666666664,83.44444444444444,3.8,0.0,981,19.0,-7.0,0.027272727272727275,15.333333333333334,0.08695652173913043,0.10363636363636364
A-c62e55,Company_315,EdTech,US,2023-02-08,partner,Basic,1,True,False,S-2c3d7d,Pro,14,686,8232,annual,True,611,1,0,32.0,10.666666666666666,2095.0,2.0,0.0,3.0,4.0,27.5,101.25,4.0,0.0,1303,49.0,8.0,0.03508771929824561,10.666666666666666,0.0625,0.14035087719298245
A-e4144b,Company_316,EdTech,UK,2024-10-22,other,Pro,41,False,False,S-35c8a3,Enterprise,41,8159,97908,annual,True,620,1,0,33.0,8.25,1966.5,1.0,0.0,4.0,3.0,57.0,172.33333333333334,4.0,0.0,681,199.0,16.0,0.017241379310344827,8.25,0.030303030303030304,0.06896551724137931
A-e40f45,Company_317,HealthTech,US,2024-04-18,organic,Pro,21,False,False,S-326691,Basic,21,399,4788,monthly,False,648,3,0,85.0,7.7272727272727275,2479.090909090909,6.0,0.0,10.0,7.0,26.714285714285715,96.28571428571429,4.333333333333333,0.0,868,19.0,38.0,0.03608247422680412,8.5,0.07058823529411765,0.15635738831615117
A-96215d,Company_318,FinTech,US,2024-08-08,event,Enterprise,10,False,False,S-cd8a6a,Pro,10,490,5880,annual,False,668,1,0,54.0,9.0,3273.8333333333335,4.0,2.0,5.0,1.0,25.0,115.0,3.0,0.0,756,49.0,41.0,0.038461538461538464,10.8,0.07407407407407407,0.11538461538461539
A-2b9d3e,Company_319,EdTech,US,2023-06-04,partner,Enterprise,1,False,False,S-1e3a06,Enterprise,2,398,4776,monthly,True,616,1,0,59.0,9.833333333333334,2833.3333333333335,3.0,0.0,6.0,3.0,34.666666666666664,79.33333333333333,5.0,0.0,1187,199.0,38.0,0.028037383177570097,9.833333333333334,0.05084745762711865,0.14018691588785048
A-b7724f,Company_320,HealthTech,UK,2023-03-28,organic,Basic,1,False,False,S-d9f26e,Basic,29,551,6612,monthly,True,615,0,0,75.0,12.5,4503.166666666667,1.0,0.0,6.0,3.0,28.666666666666668,92.0,3.0,0.0,1255,19.0,58.0,0.033707865168539325,12.5,0.013333333333333334,0.10112359550561797
A-310452,Company_321,DevTools,FR,2024-12-25,other,Enterprise,9,False,False,S-183460,Basic,9,171,2052,annual,True,613,0,0,71.0,11.833333333333334,2446.1666666666665,0.0,2.0,6.0,5.0,34.2,113.6,3.6,0.0,617,19.0,46.0,0.028409090909090908,11.833333333333334,0.0,0.10227272727272727
A-eb1312,Company_322,FinTech,US,2024-09-16,partner,Pro,25,False,False,S-29ccb8,Basic,25,475,5700,annual,True,614,1,0,58.0,9.666666666666666,2316.8333333333335,5.0,1.0,6.0,1.0,68.0,117.0,5.0,0.0,717,19.0,43.0,0.014492753623188406,9.666666666666666,0.08620689655172414,0.07246376811594203
A-df1e44,Company_323,Cybersecurity,UK,2024-02-23,organic,Enterprise,12,False,False,S-938952,Pro,12,588,7056,monthly,True,624,1,1,33.0,8.25,2604.0,1.0,0.0,4.0,2.0,53.0,109.5,5.0,0.0,923,49.0,21.0,0.018518518518518517,8.25,0.030303030303030304,0.09259259259259259
A-6a7c9d,Company_324,Cybersecurity,US,2024-10-24,organic,Enterprise,26,False,True,S-c0820a,Pro,26,1274,15288,annual,True,616,0,0,22.0,11.0,5536.0,2.0,0.0,2.0,3.0,34.333333333333336,60.0,4.0,0.0,679,49.0,3.0,0.028301886792452827,11.0,0.09090909090909091,0.11320754716981131
A-cbd1a3,Company_325,DevTools,US,2024-11-25,other,Basic,6,False,True,S-dc77b7,Basic,20,380,4560,annual,True,613,2,0,49.0,9.8,1768.6,2.0,0.0,5.0,4.0,34.5,81.75,4.0,0.0,647,19.0,25.0,0.028169014084507043,9.8,0.04081632653061224,0.11267605633802817
A-a8d89d,Company_326,EdTech,US,2023-12-08,ads,Pro,13,False,False,S-3a5c75,Basic,17,323,3876,annual,True,637,2,0,13.0,13.0,4355.0,0.0,0.0,1.0,2.0,44.5,139.0,5.0,0.0,1000,19.0,3.0,0.02197802197802198,13.0,0.0,0.1098901098901099
A-600734,Company_327,DevTools,US,2023-11-14,organic,Pro,29,True,True,S-de9b4b,Pro,36,1764,21168,monthly,True,666,2,0,31.0,10.333333333333334,4533.333333333333,1.0,1.0,3.0,7.0,52.57142857142857,89.42857142857143,3.6666666666666665,1.0,1024,49.0,-6.0,0.018666666666666668,10.333333333333334,0.03225806451612903,0.06844444444444445
A-86fc1d,Company_328,DevTools,UK,2024-07-26,partner,Basic,26,False,False,S-1a3627,Basic,26,0,0,monthly,True,611,3,0,25.0,12.5,3773.5,0.0,0.0,2.0,5.0,27.0,59.2,4.0,0.0,769,0.0,0.0,0.03571428571428571,12.5,0.0,0.14285714285714285
A-78f02b,Company_329,HealthTech,US,2024-11-17,event,Enterprise,11,False,False,S-b37b2a,Pro,11,539,6468,annual,True,634,1,0,45.0,9.0,1792.2,9.0,1.0,5.0,4.0,45.75,55.0,4.0,0.0,655,49.0,7.0,0.0213903743315508,9.0,0.2,0.0855614973262032
A-acb7f7,Company_330,EdTech,US,2024-01-06,ads,Basic,32,False,False,S-eb4b0a,Basic,32,608,7296,annual,True,614,2,1,59.0,9.833333333333334,3376.3333333333335,2.0,0.0,6.0,3.0,41.0,91.0,3.5,0.0,971,19.0,40.0,0.023809523809523808,9.833333333333334,0.03389830508474576,0.08333333333333333
A-712f1c,Company_331,DevTools,US,2023-12-16,ads,Basic,17,False,True,S-19029a,Pro,17,833,9996,annual,True,631,2,0,81.0,9.0,2180.5555555555557,1.0,0.0,7.0,6.0,41.666666666666664,88.83333333333333,4.0,0.0,992,49.0,49.0,0.0234375,11.571428571428571,0.012345679012345678,0.09375
A-3793ee,Company_332,Cybersecurity,CA,2023-03-21,organic,Enterprise,49,True,False,S-efdeae,Enterprise,49,9751,117012,monthly,False,680,1,1,12.0,6.0,2858.0,0.0,0.0,1.0,4.0,43.75,100.25,4.0,0.0,1262,199.0,-8.0,0.0223463687150838,12.0,0.0,0.0893854748603352
A-9a532a,Company_333,HealthTech,US,2024-07-06,partner,Enterprise,11,False,False,S-2ccc04,Enterprise,11,2189,26268,monthly,True,685,0,0,111.0,11.1,4855.7,5.0,1.0,9.0,2.0,57.5,128.5,,0.0,789,199.0,91.0,0.017094017094017096,12.333333333333334,0.04504504504504504,
A-2ebb4b,Company_334,HealthTech,US,2023-05-15,ads,Basic,41,False,False,S-3c87b4,Pro,41,2009,24108,monthly,True,632,1,0,85.0,10.625,2182.0,6.0,2.0,6.0,2.0,43.5,136.5,3.0,0.0,1207,49.0,63.0,0.02247191011235955,14.166666666666666,0.07058823529411765,0.06741573033707865
A-6843f2,Company_335,HealthTech,CA,2024-12-10,ads,Enterprise,21,False,False,S-f9b4d8,Pro,21,1029,12348,annual,True,611,0,1,9.0,9.0,3951.0,0.0,0.0,1.0,2.0,36.5,78.0,3.0,0.0,632,49.0,-1.0,0.02666666666666667,9.0,0.0,0.08
A-c9bb3e,Company_336,EdTech,US,2024-03-24,ads,Pro,5,False,False,S-4df6ec,Basic,10,190,2280,monthly,True,670,1,0,9.0,9.0,3996.0,1.0,0.0,1.0,7.0,27.714285714285715,86.14285714285714,4.2,1.0,893,19.0,-28.0,0.03482587064676617,9.0,0.1111111111111111,0.14626865671641792
A-4814a3,Company_337,Cybersecurity,IN,2024-09-17,event,Basic,87,False,True,S-cd6d68,Pro,87,4263,51156,monthly,True,612,2,1,46.0,11.5,3172.0,0.0,1.0,4.0,4.0,18.75,97.0,4.0,1.0,716,49.0,26.0,0.05063291139240506,11.5,0.0,0.20253164556962025
A-b7b7b7,Company_338,FinTech,US,2024-06-30,event,Basic,24,False,True,S-1c2a4a,Pro,24,1176,14112,annual,True,613,1,0,43.0,10.75,2740.25,4.0,0.0,4.0,3.0,17.0,99.0,5.0,0.0,795,49.0,20.0,0.05555555555555555,10.75,0.09302325581395349,0.2777777777777778
A-ccc747,Company_339,HealthTech,FR,2024-01-12,event,Pro,16,False,True,S-934bd4,Basic,16,304,3648,annual,True,668,2,0,77.0,9.625,2917.125,6.0,1.0,8.0,4.0,32.25,83.25,5.0,1.0,965,19.0,45.0,0.03007518796992481,9.625,0.07792207792207792,0.15037593984962405
A-bb3bd4,Company_340,HealthTech,US,2024-01-27,ads,Basic,23,False,False,S-550202,Basic,23,437,5244,annual,True,625,2,0,53.0,10.6,4517.8,0.0,0.0,5.0,11.0,32.72727272727273,106.36363636363636,4.142857142857143,0.0,950,19.0,-2.0,0.029649595687331536,10.6,0.0,0.1228340392760878
A-09316c,Company_341,FinTech,AU,2024-09-11,organic,Enterprise,70,False,False,S-d98caa,Enterprise,70,13930,167160,annual,True,613,2,0,33.0,11.0,3576.6666666666665,2.0,0.0,3.0,4.0,54.75,106.25,3.75,1.0,722,199.0,9.0,0.017937219730941704,11.0,0.06060606060606061,0.06726457399103139
A-96bbc6,Company_342,Cybersecurity,US,2024-05-07,organic,Enterprise,39,False,False,S-0bccd9,Basic,39,741,8892,monthly,True,617,3,1,75.0,10.714285714285714,3020.285714285714,2.0,1.0,6.0,3.0,51.333333333333336,67.0,3.3333333333333335,0.0,849,19.0,56.0,0.01910828025477707,12.5,0.02666666666666667,0.06369426751592357
A-bc4d48,Company_343,EdTech,US,2024-06-12,ads,Pro,35,True,False,S-03bfa3,Basic,35,665,7980,annual,True,615,1,0,59.0,9.833333333333334,2428.5,0.0,0.0,6.0,6.0,41.166666666666664,65.83333333333333,4.2,1.0,813,19.0,29.0,0.023715415019762848,9.833333333333334,0.0,0.09960474308300396
A-b30291,Company_344,HealthTech,US,2024-04-05,event,Basic,5,True,True,S-d92159,Pro,5,245,2940,annual,True,620,0,0,102.0,12.75,3738.25,1.0,0.0,8.0,1.0,16.0,1.0,,0.0,881,49.0,95.0,0.058823529411764705,12.75,0.00980392156862745,
A-cdf020,Company_345,DevTools,AU,2023-08-16,organic,Pro,23,False,False,S-d031a4,Pro,44,2156,25872,monthly,True,694,2,0,24.0,12.0,5166.0,0.0,1.0,2.0,4.0,29.5,39.25,4.0,0.0,1114,49.0,4.0,0.03278688524590164,12.0,0.0,0.13114754098360656
A-e6afc1,Company_346,DevTools,US,2023-02-24,ads,Pro,1,False,False,S-aaed3e,Pro,9,0,0,monthly,False,624,0,0,111.0,9.25,3230.4166666666665,8.0,0.0,9.0,,,,,,1287,0.0,,,12.333333333333334,0.07207207207207207,
A-e3bd71,Company_347,Cybersecurity,US,2023-03-25,partner,Basic,31,False,False,S-eccbe0,Pro,31,1519,18228,annual,False,635,1,1,68.0,11.333333333333334,1711.6666666666667,1.0,0.0,5.0,4.0,30.25,119.0,4.0,0.0,1258,49.0,46.0,0.032,13.6,0.014705882352941176,0.128
A-b179bf,Company_348,Cybersecurity,IN,2024-10-27,ads,Basic,43,False,False,S-01ae7f,Pro,43,0,0,annual,True,617,0,0,100.0,10.0,3249.5,4.0,1.0,9.0,6.0,24.666666666666668,94.33333333333333,4.0,0.0,676,0.0,62.0,0.03896103896103896,11.11111111111111,0.04,0.15584415584415584
A-098560,Company_349,DevTools,UK,2023-10-21,ads,Enterprise,1,False,True,S-27c993,Enterprise,4,796,9552,monthly,True,655,1,0,30.0,15.0,5760.0,4.0,1.0,2.0,2.0,28.0,100.0,3.0,1.0,1048,199.0,12.0,0.034482758620689655,15.0,0.13333333333333333,0.10344827586206896
A-82861f,Company_350,DevTools,UK,2024-04-25,organic,Basic,41,False,False,S-c51ab8,Enterprise,41,8159,97908,annual,False,653,0,0,56.0,9.333333333333334,2619.1666666666665,6.0,1.0,6.0,5.0,24.4,55.0,3.2,0.0,861,199.0,19.0,0.03937007874015748,9.333333333333334,0.10714285714285714,0.12598425196850394
A-94c3cd,Company_351,FinTech,CA,2023-09-20,other,Enterprise,32,False,False,S-c43200,Enterprise,32,6368,76416,monthly,True,627,0,0,50.0,10.0,3219.6,0.0,0.0,5.0,4.0,44.75,116.5,3.5,1.0,1079,199.0,30.0,0.02185792349726776,10.0,0.0,0.07650273224043716
A-a33200,Company_352,HealthTech,US,2024-09-15,partner,Basic,29,False,False,S-ba228b,Basic,29,551,6612,monthly,True,622,1,0,51.0,10.2,3842.4,0.0,2.0,4.0,3.0,36.333333333333336,88.33333333333333,4.5,0.0,718,19.0,36.0,0.026785714285714284,12.75,0.0,0.12053571428571427
A-034368,Company_353,EdTech,US,2023-11-05,event,Enterprise,19,False,False,S-cc80ee,Enterprise,23,4577,54924,monthly,True,630,0,0,71.0,8.875,2751.625,8.0,2.0,8.0,5.0,41.2,91.8,4.0,0.0,1033,199.0,30.0,0.023696682464454975,8.875,0.11267605633802817,0.0947867298578199
A-b54c01,Company_354,DevTools,US,2024-09-29,event,Enterprise,29,False,False,S-175429,Basic,29,551,6612,annual,False,619,0,0,69.0,9.857142857142858,2907.285714285714,6.0,0.0,5.0,5.0,42.6,77.2,3.0,0.0,704,19.0,32.0,0.02293577981651376,13.8,0.08695652173913043,0.06880733944954127
A-d82ef9,Company_355,EdTech,UK,2024-07-02,other,Basic,26,False,True,S-5aff5f,Basic,26,494,5928,monthly,True,642,1,2,24.0,8.0,1224.0,9.0,0.0,3.0,5.0,39.8,91.6,4.25,1.0,793,19.0,-19.0,0.02450980392156863,8.0,0.375,0.10416666666666669
A-bb2f49,Company_356,Cybersecurity,US,2023-05-28,other,Pro,8,False,False,S-e44831,Pro,28,1372,16464,monthly,False,616,2,1,74.0,10.571428571428571,2762.0,5.0,0.0,6.0,3.0,22.333333333333332,102.33333333333333,4.0,0.0,1194,49.0,49.0,0.04285714285714286,12.333333333333334,0.06756756756756757,0.17142857142857143
A-1f559b,Company_357,HealthTech,US,2023-09-04,organic,Enterprise,5,True,True,S-6754a4,Basic,10,190,2280,annual,False,686,0,1,57.0,11.4,4502.6,6.0,0.0,5.0,5.0,50.4,116.2,4.2,0.0,1095,19.0,20.0,0.019455252918287938,11.4,0.10526315789473684,0.08171206225680934
A-5a215a,Company_358,EdTech,FR,2024-01-05,other,Enterprise,87,False,False,S-878fe0,Pro,87,4263,51156,annual,True,632,2,0,34.0,11.333333333333334,3875.3333333333335,4.0,1.0,3.0,4.0,29.5,38.0,4.0,0.0,972,49.0,6.0,0.03278688524590164,11.333333333333334,0.11764705882352941,0.13114754098360656
A-3f9cc0,Company_359,HealthTech,US,2024-06-03,event,Basic,22,False,False,S-d1fb2e,Enterprise,30,5970,71640,monthly,True,760,1,2,107.0,10.7,3861.2,4.0,0.0,8.0,5.0,34.8,112.6,4.5,1.0,822,199.0,74.0,0.02793296089385475,13.375,0.037383177570093455,0.12569832402234637
A-f9cc74,Company_360,DevTools,FR,2024-10-12,partner,Enterprise,30,True,False,S-e33883,Pro,30,0,0,monthly,True,620,1,0,55.0,9.166666666666666,2882.0,1.0,0.0,6.0,6.0,49.833333333333336,118.33333333333333,4.0,0.0,691,0.0,23.0,0.019672131147540982,9.166666666666666,0.01818181818181818,0.07868852459016393
A-ed510f,Company_361,Cybersecurity,IN,2023-01-17,partner,Basic,42,False,False,S-3d4f7a,Pro,42,2058,24696,monthly,True,621,2,0,27.0,9.0,3761.6666666666665,0.0,0.0,3.0,9.0,44.55555555555556,82.55555555555556,4.0,0.0,1325,49.0,-18.0,0.02195121951219512,9.0,0.0,0.08780487804878048
A-5c9849,Company_362,EdTech,IN,2024-11-03,partner,Basic,19,False,False,S-240a09,Pro,19,931,11172,monthly,False,612,2,0,76.0,10.857142857142858,3533.4285714285716,11.0,1.0,7.0,4.0,59.5,41.0,,1.0,669,49.0,34.0,0.01652892561983471,10.857142857142858,0.14473684210526316,
A-a7bd4b,Company_363,Cybersecurity,US,2023-02-15,ads,Enterprise,5,False,False,S-711528,Basic,18,342,4104,monthly,True,708,2,0,36.0,12.0,3120.6666666666665,2.0,1.0,3.0,6.0,36.833333333333336,86.16666666666667,3.25,0.0,1296,19.0,2.0,0.026431718061674006,12.0,0.05555555555555555,0.08590308370044052
A-d4ac0e,Company_364,DevTools,UK,2024-04-20,ads,Basic,18,False,False,S-b76ba6,Pro,18,882,10584,monthly,True,628,3,0,43.0,8.6,3216.6,5.0,0.0,5.0,4.0,21.0,34.0,3.5,0.0,866,49.0,13.0,0.045454545454545456,8.6,0.11627906976744186,0.1590909090909091
A-ffdfd5,Company_365,EdTech,US,2024-04-13,organic,Basic,3,False,True,S-ef7534,Pro,3,147,1764,monthly,True,622,1,0,69.0,9.857142857142858,2829.0,6.0,1.0,7.0,,,,,,873,49.0,,,9.857142857142858,0.08695652173913043,
A-0dbdc6,Company_366,Cybersecurity,DE,2023-02-12,other,Pro,30,False,True,S-de3416,Pro,47,2303,27636,annual,True,627,0,0,123.0,11.181818181818182,3729.6363636363635,5.0,3.0,10.0,4.0,47.0,95.25,5.0,0.0,1299,49.0,93.0,0.020833333333333332,12.3,0.04065040650406504,0.10416666666666666
A-7cfe77,Company_367,DevTools,US,2024-07-10,ads,Pro,69,False,False,S-bd5207,Basic,69,1311,15732,annual,True,637,1,1,45.0,11.25,3631.0,2.0,0.0,4.0,7.0,30.714285714285715,105.57142857142857,3.5,0.0,785,19.0,6.0,0.03153153153153153,11.25,0.044444444444444446,0.11036036036036034
A-1f0636,Company_368,EdTech,AU,2024-01-01,partner,Pro,105,False,False,S-c62428,Enterprise,105,20895,250740,annual,False,655,3,0,99.0,11.0,4484.111111111111,2.0,0.0,8.0,2.0,38.5,75.0,3.5,0.0,976,199.0,85.0,0.02531645569620253,12.375,0.020202020202020204,0.08860759493670886
A-40de06,Company_369,Cybersecurity,US,2023-05-08,event,Enterprise,28,False,True,S-f52c97,Basic,28,532,6384,annual,True,655,2,1,72.0,9.0,1452.0,2.0,2.0,7.0,3.0,40.333333333333336,67.66666666666667,4.0,0.0,1214,19.0,53.0,0.024193548387096774,10.285714285714286,0.027777777777777776,0.0967741935483871
A-cb5333,Company_370,DevTools,US,2024-03-26,ads,Pro,33,False,False,S-74704b,Pro,33,1617,19404,monthly,True,627,0,1,42.0,8.4,3193.6,2.0,1.0,5.0,4.0,30.75,85.75,3.0,0.0,891,49.0,18.0,0.031496062992125984,8.4,0.047619047619047616,0.09448818897637795
A-309e54,Company_371,DevTools,US,2024-12-09,other,Pro,15,False,False,S-e98d6b,Basic,15,285,3420,annual,True,611,0,1,53.0,10.6,3245.4,4.0,0.0,5.0,5.0,23.8,90.2,3.0,0.0,633,19.0,20.0,0.04032258064516129,10.6,0.07547169811320754,0.12096774193548387
A-6e7827,Company_372,DevTools,US,2023-03-26,other,Basic,1,False,False,S-22083e,Pro,17,833,9996,annual,True,623,3,0,79.0,9.875,3281.25,3.0,1.0,7.0,2.0,51.0,83.5,3.5,0.0,1257,49.0,63.0,0.019230769230769232,11.285714285714286,0.0379746835443038,0.06730769230769232
A-50bb9f,Company_373,Cybersecurity,US,2024-07-12,organic,Pro,2,False,False,S-b279c9,Pro,54,2646,31752,annual,True,615,2,0,,,,,,,7.0,33.285714285714285,74.71428571428571,4.0,0.0,783,49.0,,0.029166666666666667,,,0.11666666666666667
A-5fe118,Company_374,Cybersecurity,US,2024-11-07,other,Enterprise,39,False,False,S-6c6e62,Basic,39,0,0,monthly,True,613,0,0,61.0,10.166666666666666,2699.1666666666665,2.0,3.0,5.0,1.0,19.0,26.0,4.0,0.0,665,0.0,52.0,0.05,12.2,0.03278688524590164,0.2
A-5247b3,Company_375,FinTech,UK,2024-03-12,partner,Pro,16,True,False,S-d0429b,Basic,74,1406,16872,annual,True,647,3,0,36.0,9.0,1649.5,1.0,0.0,4.0,5.0,45.8,96.6,4.0,0.0,905,19.0,9.0,0.021367521367521368,9.0,0.027777777777777776,0.08547008547008547
A-f44180,Company_376,Cybersecurity,UK,2023-02-13,event,Pro,9,False,False,S-029c20,Basic,10,0,0,annual,False,629,0,0,68.0,9.714285714285714,2801.5714285714284,4.0,1.0,5.0,2.0,46.5,123.0,5.0,0.0,1298,0.0,50.0,0.021052631578947368,13.6,0.058823529411764705,0.10526315789473684
A-c16cf7,Company_377,EdTech,US,2024-10-16,event,Pro,13,True,False,S-6b9696,Basic,35,665,7980,annual,True,619,0,0,48.0,8.0,2309.3333333333335,4.0,1.0,6.0,3.0,48.333333333333336,111.66666666666667,3.5,0.0,687,19.0,25.0,0.020270270270270268,8.0,0.08333333333333333,0.07094594594594594
A-d42431,Company_378,FinTech,FR,2024-06-09,ads,Enterprise,22,True,False,S-48ce17,Enterprise,22,4378,52536,annual,True,634,1,1,54.0,9.0,2133.0,1.0,1.0,5.0,4.0,24.25,119.5,4.0,0.0,816,199.0,32.0,0.039603960396039604,10.8,0.018518518518518517,0.15841584158415842
A-6965e1,Company_379,DevTools,US,2024-11-25,organic,Basic,13,False,False,S-dacc80,Basic,13,247,2964,monthly,True,612,1,1,97.0,10.777777777777779,3463.8888888888887,0.0,0.0,8.0,3.0,39.0,128.33333333333334,3.0,0.0,647,19.0,82.0,0.025,12.125,0.0,0.07500000000000001
A-0354fe,Company_380,Cybersecurity,US,2024-10-22,other,Basic,34,False,False,S-9ea111,Enterprise,34,6766,81192,monthly,False,632,1,0,49.0,9.8,2896.8,1.0,0.0,5.0,4.0,20.0,69.25,4.0,0.0,681,199.0,27.0,0.047619047619047616,9.8,0.02040816326530612,0.19047619047619047
A-0a62f5,Company_381,FinTech,UK,2024-09-11,partner,Pro,16,False,False,S-d8c527,Basic,25,475,5700,monthly,True,621,0,0,53.0,10.6,2918.8,2.0,0.0,5.0,2.0,33.5,105.0,,0.0,722,19.0,39.0,0.028985507246376812,10.6,0.03773584905660377,
A-f5641b,Company_382,EdTech,US,2024-03-30,other,Pro,31,False,False,S-9a115f,Enterprise,45,8955,107460,monthly,True,613,1,1,35.0,8.75,3706.25,2.0,0.0,3.0,4.0,47.5,98.0,3.0,1.0,887,199.0,11.0,0.020618556701030927,11.666666666666666,0.05714285714285714,0.061855670103092786
A-b44e3e,Company_383,Cybersecurity,UK,2024-02-12,ads,Basic,40,False,False,S-f22b7f,Enterprise,40,7960,95520,annual,True,615,3,0,27.0,9.0,3554.6666666666665,2.0,1.0,3.0,3.0,40.0,75.33333333333333,4.333333333333333,0.0,934,199.0,8.0,0.024390243902439025,9.0,0.07407407407407407,0.1056910569105691
A-3b37d9,Company_384,FinTech,US,2023-01-27,event,Enterprise,23,False,False,S-3af70e,Enterprise,23,4577,54924,annual,True,655,2,0,98.0,10.88888888888889,3163.4444444444443,4.0,1.0,7.0,5.0,36.0,89.8,4.5,0.0,1315,199.0,65.0,0.02702702702702703,14.0,0.04081632653061224,0.12162162162162163
A-54d94a,Company_385,Cybersecurity,IN,2023-05-01,event,Basic,27,False,False,S-6d6ab6,Basic,27,513,6156,annual,True,621,1,1,71.0,11.833333333333334,3022.5,3.0,0.0,5.0,4.0,53.75,82.75,3.5,0.0,1221,19.0,45.0,0.0182648401826484,14.2,0.04225352112676056,0.0639269406392694
A-7f29a7,Company_386,Cybersecurity,UK,2024-09-18,event,Basic,41,True,False,S-fcbd92,Pro,41,2009,24108,monthly,True,621,0,0,88.0,9.777777777777779,1484.5555555555557,3.0,1.0,9.0,1.0,24.0,5.0,4.0,0.0,715,49.0,77.0,0.04,9.777777777777779,0.03409090909090909,0.16
A-089363,Company_387,FinTech,AU,2023-05-06,event,Basic,2,False,False,S-00b0bc,Enterprise,9,0,0,annual,True,630,2,0,4.0,4.0,2304.0,0.0,0.0,1.0,3.0,35.0,91.33333333333333,3.6666666666666665,0.0,1216,0.0,-11.0,0.027777777777777776,4.0,0.0,0.10185185185185185
A-524364,Company_388,DevTools,FR,2024-12-31,partner,Enterprise,3,False,False,S-47b86b,Pro,11,539,6468,monthly,True,611,0,0,39.0,9.75,3537.75,4.0,1.0,4.0,3.0,47.666666666666664,75.33333333333333,4.333333333333333,0.0,611,49.0,16.0,0.020547945205479454,9.75,0.10256410256410256,0.08904109589041097
A-855a48,Company_389,EdTech,US,2023-12-22,partner,Pro,14,True,False,S-c1316c,Enterprise,60,11940,143280,annual,True,765,0,1,46.0,9.2,1280.6,0.0,1.0,5.0,5.0,39.6,122.0,3.6666666666666665,0.0,986,199.0,21.0,0.02463054187192118,9.2,0.0,0.09031198686371099
A-756192,Company_390,FinTech,IN,2023-06-11,other,Basic,19,False,False,S-e89b90,Pro,38,1862,22344,annual,True,630,1,0,85.0,12.142857142857142,3928.0,7.0,0.0,6.0,3.0,37.333333333333336,102.33333333333333,4.0,0.0,1180,49.0,56.0,0.02608695652173913,14.166666666666666,0.08235294117647059,0.10434782608695652
A-49b828,Company_391,FinTech,IN,2023-05-05,ads,Pro,6,False,False,S-f3d5d7,Enterprise,20,3980,47760,annual,True,650,2,0,37.0,12.333333333333334,2970.6666666666665,3.0,1.0,3.0,3.0,13.666666666666666,87.66666666666667,3.5,1.0,1217,199.0,16.0,0.06818181818181819,12.333333333333334,0.08108108108108109,0.23863636363636367
A-c7ffc2,Company_392,Cybersecurity,US,2023-01-27,partner,Pro,30,True,False,S-8a7e47,Basic,49,931,11172,monthly,False,615,3,0,43.0,10.75,3866.5,2.0,1.0,4.0,2.0,64.0,86.0,3.0,0.0,1315,19.0,29.0,0.015384615384615385,10.75,0.046511627906976744,0.046153846153846156
A-751c58,Company_393,FinTech,UK,2024-07-18,organic,Basic,15,False,False,S-f497df,Basic,71,1349,16188,annual,True,621,4,0,27.0,9.0,3423.6666666666665,0.0,0.0,3.0,5.0,39.6,130.0,4.333333333333333,0.0,777,19.0,2.0,0.02463054187192118,9.0,0.0,0.10673234811165844
A-72799b,Company_394,DevTools,FR,2023-11-13,event,Enterprise,20,False,True,S-89a8a2,Pro,61,2989,35868,annual,True,682,2,1,32.0,8.0,3364.0,4.0,0.0,4.0,2.0,33.5,80.0,4.5,1.0,1025,49.0,14.0,0.028985507246376812,8.0,0.125,0.13043478260869565
A-812c5b,Company_395,DevTools,CA,2024-02-25,organic,Basic,55,False,True,S-542c37,Pro,55,2695,32340,monthly,True,615,0,0,51.0,12.75,3000.25,3.0,1.0,3.0,4.0,27.0,88.25,4.0,0.0,921,49.0,25.0,0.03571428571428571,17.0,0.058823529411764705,0.14285714285714285
A-69b156,Company_396,EdTech,US,2023-11-21,other,Pro,7,False,True,S-c2f293,Basic,8,152,1824,monthly,False,632,0,2,21.0,10.5,1484.0,0.0,0.0,2.0,7.0,32.0,100.57142857142857,4.0,0.0,1017,19.0,-14.0,0.030303030303030304,10.5,0.0,0.12121212121212122
A-075038,Company_397,HealthTech,UK,2023-05-12,ads,Basic,17,False,False,S-da7360,Basic,42,798,9576,monthly,True,677,1,0,48.0,9.6,2994.6,3.0,3.0,5.0,2.0,43.5,54.0,3.0,0.0,1210,19.0,32.0,0.02247191011235955,9.6,0.0625,0.06741573033707865
A-940b8b,Company_398,HealthTech,DE,2024-03-19,organic,Basic,1,False,False,S-b7cbc2,Enterprise,7,0,0,annual,True,661,1,1,71.0,10.142857142857142,3261.1428571428573,7.0,0.0,7.0,3.0,41.333333333333336,89.33333333333333,4.0,0.0,898,0.0,42.0,0.023622047244094488,10.142857142857142,0.09859154929577464,0.09448818897637795
A-2d1036,Company_399,FinTech,US,2024-06-14,ads,Pro,69,False,True,S-b95aac,Pro,69,3381,40572,monthly,False,626,0,1,28.0,9.333333333333334,1140.0,4.0,0.0,3.0,5.0,37.8,49.0,4.6,1.0,811,49.0,-5.0,0.025773195876288662,9.333333333333334,0.14285714285714285,0.11855670103092783
A-0f6450,Company_400,FinTech,US,2024-12-27,other,Pro,28,True,True,S-9c9700,Basic,28,532,6384,annual,True,611,0,0,44.0,11.0,3994.5,3.0,0.0,3.0,8.0,29.75,81.625,3.8333333333333335,1.0,615,19.0,-2.0,0.032520325203252036,14.666666666666666,0.06818181818181818,0.12466124661246614
A-9affe6,Company_401,Cybersecurity,US,2023-03-22,other,Pro,7,False,False,S-01daf5,Pro,23,1127,13524,monthly,True,658,2,0,68.0,11.333333333333334,2990.6666666666665,1.0,1.0,6.0,3.0,58.0,76.0,3.0,0.0,1261,49.0,51.0,0.01694915254237288,11.333333333333334,0.014705882352941176,0.05084745762711865
A-80eeb6,Company_402,Cybersecurity,UK,2023-05-09,organic,Enterprise,22,False,False,S-88cc86,Enterprise,22,4378,52536,annual,True,622,4,1,23.0,11.5,3425.0,0.0,0.0,2.0,4.0,40.25,68.25,3.6666666666666665,1.0,1213,199.0,3.0,0.024242424242424242,11.5,0.0,0.08888888888888888
A-d4e0d4,Company_403,FinTech,US,2024-10-18,other,Basic,117,False,False,S-61cc6f,Enterprise,117,23283,279396,annual,True,628,1,1,48.0,12.0,3238.25,2.0,0.0,4.0,4.0,39.25,76.25,4.0,0.0,685,199.0,24.0,0.024844720496894408,12.0,0.041666666666666664,0.09937888198757763
A-c7e58b,Company_404,HealthTech,IN,2023-06-25,other,Pro,3,False,False,S-9e64bd,Pro,16,0,0,monthly,True,726,0,0,36.0,12.0,4989.0,4.0,0.0,3.0,5.0,30.6,98.4,3.5,0.0,1166,0.0,3.0,0.03164556962025316,12.0,0.1111111111111111,0.11075949367088606
A-016043,Company_405,EdTech,CA,2024-07-31,organic,Basic,4,True,False,S-8985d3,Basic,26,494,5928,monthly,False,640,3,0,52.0,10.4,2699.8,5.0,0.0,5.0,3.0,30.333333333333332,78.0,4.0,0.0,764,19.0,27.0,0.03191489361702128,10.4,0.09615384615384616,0.12765957446808512
A-bbe56f,Company_406,HealthTech,US,2023-02-16,ads,Enterprise,21,False,False,S-f29e7f,Basic,22,418,5016,annual,True,688,1,0,69.0,9.857142857142858,1783.857142857143,7.0,1.0,6.0,4.0,26.25,120.5,4.0,0.0,1295,19.0,35.0,0.03669724770642202,11.5,0.10144927536231885,0.14678899082568808
A-7c5768,Company_407,HealthTech,UK,2024-03-02,event,Enterprise,3,False,False,S-c0789c,Enterprise,26,0,0,monthly,True,640,0,0,50.0,12.5,3121.0,2.0,1.0,4.0,5.0,28.8,96.4,4.0,0.0,915,0.0,21.0,0.03355704697986577,12.5,0.04,0.1342281879194631
A-751bd4,Company_408,Cybersecurity,UK,2024-07-12,partner,Pro,10,False,False,S-d56a2c,Pro,35,0,0,annual,True,674,0,0,80.0,10.0,3324.875,0.0,0.0,7.0,6.0,23.166666666666668,112.0,4.25,1.0,783,0.0,50.0,0.041379310344827586,11.428571428571429,0.0,0.17586206896551723
A-4e0e85,Company_409,DevTools,US,2023-09-08,organic,Enterprise,6,False,False,S-1eba7d,Enterprise,39,0,0,annual,True,628,1,0,51.0,10.2,3343.4,1.0,0.0,4.0,2.0,53.0,119.5,5.0,0.0,1091,0.0,39.0,0.018518518518518517,12.75,0.0196078431372549,0.09259259259259259
A-ad3abd,Company_410,FinTech,US,2023-03-03,event,Pro,44,False,False,S-fa2170,Pro,44,2156,25872,monthly,True,689,0,0,70.0,10.0,3264.5714285714284,4.0,0.0,7.0,3.0,13.0,70.33333333333333,3.0,0.0,1280,49.0,47.0,0.07142857142857142,10.0,0.05714285714285714,0.21428571428571427
A-e19ff6,Company_411,Cybersecurity,UK,2023-07-28,partner,Enterprise,1,False,False,S-d90f0a,Pro,26,1274,15288,monthly,False,680,1,0,20.0,10.0,4379.5,3.0,0.0,2.0,3.0,30.666666666666668,115.0,4.666666666666667,0.0,1133,49.0,-1.0,0.031578947368421054,10.0,0.15,0.1473684210526316
A-7920cc,Company_412,Cybersecurity,FR,2023-11-23,ads,Pro,39,False,False,S-b7d290,Enterprise,69,13731,164772,annual,True,636,1,0,72.0,10.285714285714286,3004.285714285714,4.0,0.0,6.0,7.0,32.857142857142854,113.42857142857143,4.333333333333333,0.0,1015,199.0,29.0,0.029535864978902957,12.0,0.05555555555555555,0.1279887482419128
A-5a92e7,Company_413,HealthTech,US,2024-06-11,ads,Pro,4,False,False,S-51673a,Pro,9,0,0,monthly,True,625,0,0,42.0,10.5,4314.0,0.0,0.0,4.0,7.0,45.0,86.14285714285714,4.4,0.0,814,0.0,7.0,0.021739130434782608,10.5,0.0,0.09565217391304348
A-fdfc91,Company_414,Cybersecurity,US,2023-05-06,ads,Basic,29,False,False,S-53e028,Basic,111,2109,25308,monthly,True,719,1,0,25.0,8.333333333333334,2993.6666666666665,0.0,0.0,3.0,5.0,28.8,121.0,3.6666666666666665,0.0,1216,19.0,0.0,0.03355704697986577,8.333333333333334,0.0,0.12304250559284116
A-1e50e0,Company_415,Cybersecurity,DE,2023-02-21,other,Pro,19,True,True,S-f9c661,Enterprise,19,3781,45372,annual,True,728,1,0,58.0,11.6,5508.4,0.0,0.0,5.0,2.0,20.5,143.0,5.0,1.0,1290,199.0,48.0,0.046511627906976744,11.6,0.0,0.23255813953488372
A-1e1b80,Company_416,FinTech,CA,2023-09-12,other,Enterprise,50,False,False,S-c96d86,Basic,50,950,11400,annual,True,668,1,0,62.0,8.857142857142858,3251.1428571428573,3.0,1.0,7.0,6.0,43.0,67.5,3.2,0.0,1087,19.0,26.0,0.022727272727272728,8.857142857142858,0.04838709677419355,0.07272727272727274
A-659280,Company_417,FinTech,IN,2023-11-17,event,Enterprise,13,True,True,S-f83141,Basic,17,0,0,annual,False,616,2,0,92.0,11.5,3316.5,5.0,2.0,8.0,4.0,8.0,123.75,4.333333333333333,0.0,1021,0.0,62.0,0.1111111111111111,11.5,0.05434782608695652,0.4814814814814814
A-f6b2fb,Company_418,DevTools,AU,2024-04-23,event,Basic,23,False,False,S-ada718,Basic,23,437,5244,monthly,False,654,1,1,92.0,9.2,2432.3,5.0,1.0,10.0,5.0,55.0,88.6,4.0,1.0,863,19.0,57.0,0.017857142857142856,9.2,0.05434782608695652,0.07142857142857142
A-cb6cc6,Company_419,DevTools,US,2023-04-03,ads,Basic,13,True,False,S-9828eb,Pro,25,1225,14700,monthly,True,702,2,0,40.0,10.0,3553.5,4.0,0.0,4.0,3.0,16.333333333333332,131.66666666666666,3.5,0.0,1249,49.0,17.0,0.057692307692307696,10.0,0.1,0.20192307692307693
A-d62e02,Company_420,Cybersecurity,US,2024-08-20,partner,Pro,6,False,False,S-90d405,Enterprise,6,1194,14328,monthly,False,612,1,1,33.0,11.0,5595.666666666667,5.0,1.0,3.0,1.0,36.0,31.0,4.0,0.0,744,199.0,18.0,0.02702702702702703,11.0,0.15151515151515152,0.10810810810810811
A-d535f6,Company_421,DevTools,US,2024-09-03,organic,Basic,12,True,True,S-d538f6,Enterprise,12,0,0,monthly,True,627,1,3,66.0,9.428571428571429,3404.8571428571427,1.0,1.0,7.0,,,,,,730,0.0,,,9.428571428571429,0.015151515151515152,
A-39868b,Company_422,FinTech,AU,2024-03-17,partner,Pro,9,False,False,S-87b9f7,Basic,17,0,0,annual,False,644,1,0,75.0,12.5,5823.333333333333,0.0,1.0,6.0,6.0,39.0,100.83333333333333,4.25,0.0,900,0.0,45.0,0.025,12.5,0.0,0.10625000000000001
A-3cc791,Company_423,EdTech,US,2024-01-10,other,Enterprise,6,False,False,S-dbceba,Pro,36,1764,21168,monthly,True,623,0,0,79.0,9.875,3355.75,4.0,1.0,8.0,6.0,48.333333333333336,95.83333333333333,4.25,1.0,967,49.0,41.0,0.020270270270270268,9.875,0.05063291139240506,0.08614864864864864
A-337bc1,Company_424,Cybersecurity,US,2023-07-19,organic,Pro,30,True,False,S-28e491,Pro,30,0,0,annual,True,705,2,2,98.0,10.88888888888889,2606.4444444444443,7.0,1.0,8.0,4.0,32.5,62.75,4.0,1.0,1142,0.0,64.0,0.029850746268656716,12.25,0.07142857142857142,0.11940298507462686
A-58b9ff,Company_425,DevTools,IN,2024-05-31,partner,Enterprise,2,False,False,S-150c8e,Pro,33,1617,19404,monthly,True,669,1,1,88.0,11.0,2845.5,4.0,1.0,8.0,2.0,66.0,79.0,4.0,1.0,825,49.0,70.0,0.014925373134328358,11.0,0.045454545454545456,0.05970149253731343
A-bf7919,Company_426,HealthTech,US,2024-11-27,organic,Pro,3,False,False,S-615a8a,Enterprise,11,0,0,annual,False,611,0,0,49.0,8.166666666666666,1633.3333333333333,3.0,0.0,5.0,2.0,14.5,81.5,5.0,0.0,645,0.0,33.0,0.06451612903225806,9.8,0.061224489795918366,0.3225806451612903
A-1d5444,Company_427,Cybersecurity,US,2024-01-18,partner,Basic,24,False,True,S-1b713e,Basic,24,0,0,annual,False,646,2,0,23.0,11.5,2233.5,0.0,1.0,2.0,2.0,30.0,62.5,4.0,0.0,959,0.0,13.0,0.03225806451612903,11.5,0.0,0.12903225806451613
A-0f3e88,Company_428,HealthTech,US,2023-07-23,other,Basic,7,False,True,S-5eaab8,Pro,7,343,4116,monthly,False,631,2,0,62.0,10.333333333333334,4356.166666666667,2.0,0.0,6.0,3.0,48.0,67.0,4.5,0.0,1138,49.0,43.0,0.02040816326530612,10.333333333333334,0.03225806451612903,0.09183673469387754
A-7641d3,Company_429,EdTech,US,2023-02-16,partner,Pro,8,True,True,S-3b3fac,Basic,10,190,2280,annual,True,651,0,1,51.0,12.75,4399.25,5.0,0.0,4.0,5.0,45.2,124.6,4.333333333333333,2.0,1295,19.0,16.0,0.021645021645021644,12.75,0.09803921568627451,0.09379509379509378
A-cd458b,Company_430,DevTools,US,2024-06-15,other,Basic,10,True,False,S-5d532c,Enterprise,10,1990,23880,monthly,True,616,0,1,93.0,10.333333333333334,3185.4444444444443,4.0,0.0,8.0,5.0,38.4,81.2,4.6,0.0,810,199.0,60.0,0.025380710659898477,11.625,0.043010752688172046,0.11675126903553298
A-c16b88,Company_431,HealthTech,US,2023-12-02,event,Enterprise,23,False,False,S-1682d4,Enterprise,23,4577,54924,annual,False,616,2,0,42.0,10.5,4260.0,5.0,2.0,4.0,3.0,48.333333333333336,137.66666666666666,3.0,0.0,1006,199.0,17.0,0.020270270270270268,10.5,0.11904761904761904,0.0608108108108108
A-59f724,Company_432,HealthTech,US,2023-11-03,other,Enterprise,3,True,False,S-652885,Basic,18,342,4104,monthly,True,634,2,0,46.0,9.2,4541.0,5.0,0.0,5.0,4.0,19.25,94.5,4.25,0.0,1035,19.0,16.0,0.04938271604938271,9.2,0.10869565217391304,0.20987654320987653
A-87aa7b,Company_433,HealthTech,US,2024-05-16,organic,Pro,24,True,False,S-09076d,Pro,51,2499,29988,monthly,True,619,4,2,67.0,11.166666666666666,2580.0,0.0,1.0,5.0,3.0,27.333333333333332,72.66666666666667,,1.0,840,49.0,52.0,0.03529411764705882,13.4,0.0,
A-1e6fc3,Company_434,EdTech,FR,2023-12-06,other,Pro,1,False,False,S-cb8a5c,Enterprise,1,199,2388,annual,True,625,0,0,50.0,7.142857142857143,2568.714285714286,1.0,1.0,6.0,5.0,23.8,88.6,3.6666666666666665,0.0,1002,199.0,23.0,0.04032258064516129,8.333333333333334,0.02,0.14784946236559138
A-39ddf4,Company_435,EdTech,US,2024-12-05,partner,Enterprise,40,False,False,S-cdd281,Enterprise,40,7960,95520,monthly,True,612,0,0,63.0,10.5,1844.1666666666667,5.0,1.0,6.0,5.0,23.0,76.2,4.25,0.0,637,199.0,28.0,0.041666666666666664,10.5,0.07936507936507936,0.17708333333333331
A-34ea2f,Company_436,HealthTech,US,2024-08-15,organic,Enterprise,8,False,True,S-947b62,Enterprise,16,3184,38208,annual,False,617,3,0,51.0,10.2,2638.4,1.0,1.0,5.0,8.0,35.25,65.625,3.8,0.0,749,199.0,9.0,0.027586206896551724,10.2,0.0196078431372549,0.10482758620689654
A-716841,Company_437,FinTech,US,2024-05-06,other,Pro,45,False,False,S-83c56d,Enterprise,45,8955,107460,monthly,True,629,0,0,15.0,5.0,896.6666666666666,0.0,0.0,3.0,5.0,29.8,112.8,4.0,0.0,850,199.0,-10.0,0.032467532467532464,5.0,0.0,0.12987012987012986
A-558c72,Company_438,FinTech,US,2023-06-01,organic,Basic,12,False,False,S-ebbda6,Pro,15,735,8820,annual,True,693,1,0,46.0,9.2,2389.0,6.0,0.0,5.0,4.0,64.25,79.25,4.5,1.0,1190,49.0,14.0,0.01532567049808429,9.2,0.13043478260869565,0.06896551724137931
A-b11cd0,Company_439,DevTools,US,2023-01-20,ads,Pro,26,True,True,S-9a1297,Pro,26,1274,15288,annual,True,775,0,0,71.0,10.142857142857142,4556.142857142857,2.0,0.0,6.0,4.0,38.5,140.75,4.0,0.0,1322,49.0,47.0,0.02531645569620253,11.833333333333334,0.028169014084507043,0.10126582278481013
A-cc1d8d,Company_440,FinTech,US,2024-12-08,other,Pro,5,False,False,S-51d8db,Enterprise,6,1194,14328,annual,True,612,1,1,57.0,9.5,2447.8333333333335,4.0,0.0,6.0,5.0,30.2,99.2,4.5,0.0,634,199.0,24.0,0.032051282051282055,9.5,0.07017543859649122,0.14423076923076925
A-7f4db3,Company_441,FinTech,US,2023-03-05,other,Pro,4,False,False,S-c92099,Enterprise,24,4776,57312,annual,True,634,0,1,51.0,8.5,2708.3333333333335,2.0,1.0,5.0,5.0,16.6,91.4,3.25,1.0,1278,199.0,22.0,0.056818181818181816,10.2,0.0392156862745098,0.1846590909090909
A-db5e9e,Company_442,DevTools,US,2024-11-09,partner,Basic,4,False,False,S-23587d,Pro,12,588,7056,annual,True,614,0,1,65.0,10.833333333333334,3920.8333333333335,6.0,1.0,6.0,2.0,66.0,97.5,5.0,0.0,663,49.0,43.0,0.014925373134328358,10.833333333333334,0.09230769230769231,0.07462686567164178
A-cc102e,Company_443,HealthTech,US,2024-04-15,partner,Enterprise,13,False,False,S-01b2dc,Basic,13,247,2964,annual,True,619,1,0,59.0,8.428571428571429,1781.7142857142858,9.0,0.0,6.0,4.0,33.25,109.0,4.333333333333333,0.0,871,19.0,21.0,0.029197080291970802,9.833333333333334,0.15254237288135594,0.1265206812652068
A-82d8a6,Company_444,Cybersecurity,UK,2024-11-28,ads,Basic,5,False,False,S-9d7c19,Pro,5,245,2940,annual,True,611,5,2,26.0,8.666666666666666,1327.3333333333333,0.0,0.0,3.0,5.0,42.2,112.0,3.5,0.0,644,49.0,1.0,0.023148148148148147,8.666666666666666,0.0,0.08101851851851852
A-dec005,Company_445,HealthTech,US,2023-10-13,partner,Pro,21,False,False,S-8fd696,Enterprise,54,10746,128952,annual,False,657,1,0,45.0,7.5,2296.3333333333335,6.0,2.0,5.0,2.0,59.0,152.0,3.0,0.0,1056,199.0,23.0,0.016666666666666666,9.0,0.13333333333333333,0.05
A-5790f4,Company_446,FinTech,UK,2024-12-22,event,Pro,1,True,False,S-826d19,Enterprise,8,1592,19104,annual,True,616,0,0,50.0,10.0,3615.0,3.0,0.0,5.0,4.0,44.0,57.25,4.0,1.0,620,199.0,24.0,0.022222222222222223,10.0,0.06,0.08888888888888889
A-7c83a1,Company_447,Cybersecurity,US,2024-05-06,partner,Pro,12,False,False,S-3c0121,Pro,24,1176,14112,monthly,True,612,0,1,76.0,9.5,2476.0,0.0,0.0,7.0,4.0,42.0,86.25,4.0,0.0,850,49.0,56.0,0.023255813953488372,10.857142857142858,0.0,0.09302325581395349
A-297a2d,Company_448,HealthTech,UK,2023-05-05,event,Pro,27,False,False,S-4daf2d,Enterprise,27,5373,64476,annual,True,667,3,0,63.0,10.5,2872.8333333333335,10.0,0.0,6.0,2.0,32.5,84.5,3.0,0.0,1217,199.0,33.0,0.029850746268656716,10.5,0.15873015873015872,0.08955223880597014
A-4c56c9,Company_449,FinTech,US,2023-12-20,partner,Enterprise,9,False,True,S-1f3254,Basic,18,342,4104,annual,True,613,0,0,25.0,8.333333333333334,2411.0,1.0,1.0,3.0,5.0,38.6,68.2,3.75,0.0,988,19.0,-2.0,0.025252525252525252,8.333333333333334,0.04,0.0946969696969697
A-cbbe12,Company_450,Cybersecurity,DE,2023-03-22,partner,Enterprise,40,False,False,S-8bf576,Enterprise,40,7960,95520,monthly,True,626,1,1,37.0,12.333333333333334,1725.6666666666667,1.0,0.0,3.0,6.0,38.0,74.5,4.25,0.0,1261,199.0,5.0,0.02564102564102564,12.333333333333334,0.02702702702702703,0.10897435897435898
A-4a267b,Company_451,FinTech,US,2024-05-05,other,Pro,25,False,False,S-aef18a,Pro,25,0,0,annual,True,666,1,1,9.0,9.0,1953.0,0.0,0.0,1.0,4.0,16.25,105.0,4.333333333333333,0.0,851,0.0,-11.0,0.057971014492753624,9.0,0.0,0.25120772946859904
A-bcbe98,Company_452,Cybersecurity,US,2024-07-29,other,Enterprise,46,False,False,S-e964b6,Basic,46,874,10488,monthly,True,612,2,1,53.0,10.6,3424.6,2.0,1.0,5.0,7.0,38.285714285714285,61.57142857142857,4.0,1.0,766,19.0,14.0,0.025454545454545455,10.6,0.03773584905660377,0.10181818181818182
A-427b69,Company_453,FinTech,US,2024-08-23,other,Basic,17,False,False,S-59edf9,Basic,17,323,3876,monthly,False,626,0,0,75.0,9.375,2757.625,6.0,1.0,8.0,2.0,31.5,109.5,3.0,0.0,741,19.0,53.0,0.03076923076923077,9.375,0.08,0.09230769230769231
A-0be015,Company_454,FinTech,US,2024-10-15,event,Pro,19,False,False,S-c77c84,Basic,19,0,0,monthly,False,611,0,0,44.0,14.666666666666666,5666.0,0.0,0.0,3.0,7.0,40.285714285714285,84.85714285714286,4.2,1.0,688,0.0,9.0,0.02422145328719723,14.666666666666666,0.0,0.10173010380622838
A-054577,Company_455,EdTech,UK,2024-04-28,ads,Basic,2,False,False,S-62c088,Enterprise,85,16915,202980,monthly,True,633,1,1,36.0,9.0,885.25,3.0,0.0,4.0,1.0,46.0,70.0,4.0,0.0,858,199.0,25.0,0.02127659574468085,9.0,0.08333333333333333,0.0851063829787234
A-bc87bc,Company_456,FinTech,US,2024-07-17,event,Pro,3,False,False,S-b2f3f3,Basic,8,152,1824,monthly,True,627,0,0,23.0,11.5,6234.0,0.0,0.0,1.0,7.0,40.57142857142857,112.0,3.75,0.0,778,19.0,-12.0,0.024054982817869417,23.0,0.0,0.09020618556701031
A-0f7d77,Company_457,FinTech,IN,2024-10-28,partner,Pro,3,False,False,S-47048b,Basic,7,133,1596,annual,True,611,0,0,50.0,10.0,3905.6,0.0,0.0,5.0,5.0,27.2,74.6,5.0,0.0,675,19.0,25.0,0.03546099290780142,10.0,0.0,0.1773049645390071
A-e7beab,Company_458,EdTech,DE,2023-10-20,organic,Enterprise,5,False,False,S-8ff318,Pro,5,245,2940,monthly,True,619,0,0,71.0,11.833333333333334,4634.333333333333,2.0,1.0,5.0,6.0,36.666666666666664,124.66666666666667,4.0,0.0,1049,49.0,37.0,0.026548672566371685,14.2,0.028169014084507043,0.10619469026548674
A-a09355,Company_459,FinTech,US,2024-08-10,organic,Basic,14,False,False,S-525864,Pro,14,686,8232,monthly,True,613,0,1,47.0,11.75,3332.5,1.0,0.0,4.0,5.0,32.6,66.6,4.0,0.0,754,49.0,20.0,0.02976190476190476,11.75,0.02127659574468085,0.11904761904761904
A-31ab9a,Company_460,FinTech,DE,2024-03-03,organic,Pro,3,False,False,S-08c8e1,Enterprise,14,2786,33432,monthly,True,632,0,0,74.0,10.571428571428571,4448.428571428572,7.0,1.0,7.0,7.0,43.142857142857146,67.71428571428571,3.5,0.0,914,199.0,25.0,0.022653721682847894,10.571428571428571,0.0945945945945946,0.07928802588996763
A-0158bb,Company_461,FinTech,DE,2024-05-22,partner,Basic,5,False,False,S-fb9972,Pro,45,2205,26460,annual,True,611,1,0,97.0,10.777777777777779,3325.4444444444443,6.0,0.0,8.0,1.0,32.0,50.0,3.0,0.0,834,49.0,80.0,0.030303030303030304,12.125,0.061855670103092786,0.09090909090909091
A-f19b24,Company_462,Cybersecurity,US,2023-01-10,organic,Pro,29,True,False,S-31ac79,Basic,29,551,6612,monthly,True,641,0,0,63.0,10.5,3645.0,5.0,0.0,6.0,2.0,35.5,74.0,4.0,1.0,1332,19.0,43.0,0.0273972602739726,10.5,0.07936507936507936,0.1095890410958904
A-798a3f,Company_463,DevTools,FR,2023-10-19,other,Enterprise,12,False,True,S-4b9226,Enterprise,13,2587,31044,monthly,False,692,1,0,29.0,9.666666666666666,1860.6666666666667,1.0,0.0,3.0,5.0,33.0,45.2,4.0,0.0,1050,199.0,2.0,0.029411764705882353,9.666666666666666,0.034482758620689655,0.11764705882352941
A-42b791,Company_464,FinTech,AU,2024-05-20,event,Pro,3,False,False,S-1dbbc2,Basic,20,380,4560,monthly,False,612,0,0,17.0,8.5,677.0,0.0,1.0,2.0,3.0,33.666666666666664,72.0,4.0,0.0,836,19.0,2.0,0.028846153846153848,8.5,0.0,0.11538461538461539
A-068fc6,Company_465,EdTech,US,2023-07-17,event,Enterprise,35,False,False,S-4690b3,Enterprise,35,6965,83580,monthly,True,626,1,0,98.0,12.25,3685.0,6.0,1.0,8.0,5.0,38.8,121.4,4.333333333333333,0.0,1144,199.0,61.0,0.02512562814070352,12.25,0.061224489795918366,0.10887772194304858
A-6f50ae,Company_466,FinTech,US,2023-09-21,partner,Pro,19,False,True,S-58b22d,Enterprise,19,3781,45372,monthly,True,611,0,1,81.0,9.0,3156.222222222222,1.0,1.0,9.0,5.0,31.0,87.4,4.5,0.0,1078,199.0,54.0,0.03125,9.0,0.012345679012345678,0.140625
A-a2485e,Company_467,FinTech,US,2024-08-04,event,Pro,3,True,False,S-2c3b6d,Enterprise,17,3383,40596,annual,True,637,0,1,40.0,10.0,2971.5,3.0,1.0,3.0,,,,,,760,199.0,,,13.333333333333334,0.075,
A-bb1eaa,Company_468,Cybersecurity,US,2024-06-11,organic,Basic,21,False,False,S-0a15fa,Pro,25,1225,14700,annual,True,630,0,1,41.0,8.2,1930.8,0.0,1.0,5.0,6.0,23.5,92.33333333333333,4.5,0.0,814,49.0,11.0,0.04081632653061224,8.2,0.0,0.18367346938775508
A-cc98bc,Company_469,DevTools,US,2023-05-24,ads,Basic,32,False,False,S-712e04,Basic,32,0,0,monthly,True,713,1,0,100.0,10.0,2944.0,4.0,0.0,10.0,3.0,4.666666666666667,122.33333333333333,4.0,0.0,1198,0.0,77.0,0.1764705882352941,10.0,0.04,0.7058823529411764
A-d77f4c,Company_470,DevTools,US,2023-09-25,partner,Pro,4,True,False,S-d82234,Pro,4,196,2352,annual,True,625,4,1,66.0,8.25,2090.75,5.0,2.0,8.0,2.0,31.0,75.0,4.0,0.0,1074,49.0,46.0,0.03125,8.25,0.07575757575757576,0.125
A-ccabf0,Company_471,HealthTech,IN,2023-11-06,organic,Pro,1,False,False,S-d449e1,Basic,25,0,0,annual,True,688,0,1,42.0,10.5,4116.0,0.0,0.0,4.0,4.0,46.25,89.75,3.6666666666666665,0.0,1032,0.0,22.0,0.021164021164021163,10.5,0.0,0.07760141093474426
A-700ade,Company_472,Cybersecurity,UK,2024-10-31,organic,Enterprise,1,True,False,S-15a8c0,Basic,50,950,11400,monthly,False,613,0,0,19.0,9.5,2438.0,0.0,0.0,2.0,4.0,30.25,53.5,4.666666666666667,0.0,672,19.0,-1.0,0.032,9.5,0.0,0.14933333333333335
A-4a4c2d,Company_473,DevTools,US,2023-05-02,event,Enterprise,54,False,False,S-79535e,Pro,54,2646,31752,monthly,True,631,1,1,40.0,10.0,4399.0,7.0,0.0,4.0,5.0,42.0,104.0,4.25,0.0,1220,49.0,1.0,0.023255813953488372,10.0,0.175,0.09883720930232558
A-b7ef83,Company_474,Cybersecurity,UK,2024-05-29,partner,Pro,1,True,False,S-7ff88c,Pro,12,588,7056,monthly,False,612,2,0,53.0,7.571428571428571,2727.285714285714,1.0,2.0,7.0,2.0,47.5,79.0,4.0,0.0,827,49.0,41.0,0.020618556701030927,7.571428571428571,0.018867924528301886,0.08247422680412371
A-e08cd3,Company_475,FinTech,US,2024-09-21,ads,Pro,67,True,False,S-384681,Basic,67,1273,15276,annual,True,617,0,1,30.0,10.0,5017.0,0.0,1.0,3.0,8.0,30.375,93.0,4.0,0.0,712,19.0,-10.0,0.03187250996015936,10.0,0.0,0.12749003984063745
A-19b2c8,Company_476,DevTools,IN,2023-06-06,other,Pro,20,False,False,S-0c0691,Enterprise,20,3980,47760,monthly,True,678,1,0,74.0,9.25,2994.375,1.0,1.0,6.0,3.0,29.333333333333332,90.0,4.666666666666667,0.0,1185,199.0,57.0,0.03296703296703297,12.333333333333334,0.013513513513513514,0.15384615384615385
A-970c97,Company_477,HealthTech,DE,2024-03-01,other,Enterprise,14,False,False,S-ccdc31,Pro,19,931,11172,annual,True,626,0,1,72.0,10.285714285714286,2636.4285714285716,4.0,0.0,6.0,1.0,61.0,139.0,5.0,0.0,916,49.0,59.0,0.016129032258064516,12.0,0.05555555555555555,0.08064516129032258
A-6dee43,Company_478,FinTech,UK,2023-08-12,other,Basic,3,True,False,S-46dfac,Pro,17,0,0,annual,True,687,1,0,25.0,6.25,1671.75,2.0,0.0,4.0,5.0,44.2,48.8,4.333333333333333,0.0,1118,0.0,-4.0,0.022123893805309734,6.25,0.08,0.09587020648967551
A-5ed98d,Company_479,DevTools,US,2024-06-22,partner,Basic,24,False,False,S-5a5338,Basic,38,0,0,annual,True,621,1,0,26.0,8.666666666666666,1802.3333333333333,0.0,0.0,3.0,5.0,35.8,91.8,5.0,0.0,803,0.0,1.0,0.027173913043478264,8.666666666666666,0.0,0.13586956521739132
A-c58f49,Company_480,EdTech,US,2024-07-31,other,Enterprise,70,True,False,S-354f6f,Enterprise,70,13930,167160,annual,True,648,1,0,40.0,8.0,2784.8,4.0,0.0,4.0,3.0,36.333333333333336,60.0,5.0,1.0,764,199.0,17.0,0.026785714285714284,10.0,0.1,0.13392857142857142
A-9c18c4,Company_481,HealthTech,US,2023-07-27,ads,Pro,11,False,True,S-2971ae,Enterprise,11,2189,26268,monthly,True,690,3,0,86.0,10.75,3559.875,9.0,1.0,6.0,4.0,42.25,130.25,4.0,0.0,1134,199.0,48.0,0.023121387283236993,14.333333333333334,0.10465116279069768,0.09248554913294797
A-cc8c8f,Company_482,DevTools,US,2024-06-16,ads,Enterprise,23,False,False,S-bc7cab,Basic,48,0,0,annual,True,623,1,1,48.0,8.0,1614.1666666666667,4.0,0.0,6.0,2.0,14.5,123.0,3.5,0.0,809,0.0,30.0,0.06451612903225806,8.0,0.08333333333333333,0.22580645161290322
A-5f7781,Company_483,DevTools,US,2024-08-20,other,Pro,22,False,False,S-d0bb87,Pro,22,1078,12936,annual,True,635,1,0,30.0,10.0,3766.0,2.0,0.0,3.0,2.0,28.5,42.0,4.0,0.0,744,49.0,16.0,0.03389830508474576,10.0,0.06666666666666667,0.13559322033898305
A-e1b9cd,Company_484,DevTools,US,2023-02-26,event,Pro,40,False,True,S-66a625,Pro,40,1960,23520,monthly,True,618,0,3,94.0,11.75,3370.0,8.0,0.0,7.0,1.0,35.0,115.0,3.0,0.0,1285,49.0,73.0,0.027777777777777776,13.428571428571429,0.0851063829787234,0.08333333333333333
A-ac85cd,Company_485,EdTech,US,2024-07-31,partner,Enterprise,53,False,False,S-f366b3,Pro,85,4165,49980,annual,True,616,1,2,49.0,9.8,2067.2,0.0,1.0,5.0,3.0,33.666666666666664,76.33333333333333,3.5,0.0,764,49.0,34.0,0.028846153846153848,9.8,0.0,0.10096153846153846
A-d792a6,Company_486,DevTools,US,2023-01-23,organic,Enterprise,4,False,False,S-761a0f,Enterprise,65,12935,155220,annual,True,686,1,1,45.0,11.25,1708.0,0.0,0.0,4.0,5.0,40.6,97.8,4.0,0.0,1319,199.0,20.0,0.024038461538461536,11.25,0.0,0.09615384615384615
A-ac9111,Company_487,HealthTech,US,2023-08-12,event,Pro,21,True,False,S-2fe6c0,Basic,21,399,4788,annual,True,621,0,1,17.0,8.5,2802.5,3.0,0.0,2.0,3.0,24.666666666666668,89.66666666666667,5.0,0.0,1118,19.0,-4.0,0.03896103896103896,8.5,0.17647058823529413,0.19480519480519481
A-18793f,Company_488,EdTech,US,2024-12-18,organic,Basic,148,True,False,S-e2d4e9,Basic,148,0,0,monthly,True,612,1,0,53.0,10.6,3974.8,0.0,0.0,4.0,5.0,45.2,101.6,3.8,0.0,624,0.0,28.0,0.021645021645021644,13.25,0.0,0.08225108225108224
A-9f0b68,Company_489,EdTech,US,2024-04-28,ads,Basic,10,False,False,S-124336,Pro,18,0,0,annual,True,642,2,1,48.0,9.6,2920.0,2.0,0.0,5.0,3.0,30.333333333333332,96.33333333333333,3.0,0.0,858,0.0,29.0,0.03191489361702128,9.6,0.041666666666666664,0.09574468085106384
A-d3c88e,Company_490,DevTools,US,2024-10-18,event,Pro,16,False,False,S-b5d3cc,Enterprise,16,3184,38208,monthly,True,613,3,0,60.0,8.571428571428571,3011.714285714286,10.0,0.0,7.0,3.0,58.0,48.0,4.0,0.0,685,199.0,25.0,0.01694915254237288,8.571428571428571,0.16666666666666666,0.06779661016949153
A-ccb686,Company_491,DevTools,US,2024-01-22,other,Basic,10,False,False,S-8f7c91,Basic,11,209,2508,annual,True,631,4,1,81.0,11.571428571428571,3318.714285714286,7.0,1.0,7.0,1.0,67.0,30.0,4.0,0.0,955,19.0,62.0,0.014705882352941176,11.571428571428571,0.08641975308641975,0.058823529411764705
A-118f1c,Company_492,Cybersecurity,US,2024-10-31,other,Pro,32,False,False,S-3fb8f4,Enterprise,32,6368,76416,annual,False,614,0,0,46.0,9.2,3425.8,0.0,0.0,5.0,1.0,64.0,141.0,3.0,0.0,672,199.0,41.0,0.015384615384615385,9.2,0.0,0.046153846153846156
A-0e966d,Company_493,FinTech,IN,2024-06-25,ads,Basic,11,False,True,S-62c824,Basic,11,209,2508,annual,True,646,0,0,37.0,12.333333333333334,4078.6666666666665,4.0,1.0,3.0,3.0,31.666666666666668,95.33333333333333,4.5,1.0,800,19.0,14.0,0.03061224489795918,12.333333333333334,0.10810810810810811,0.1377551020408163
A-b9f5b1,Company_494,Cybersecurity,US,2023-01-24,other,Pro,15,True,False,S-e78c09,Enterprise,15,2985,35820,annual,True,688,0,0,12.0,12.0,3048.0,2.0,0.0,1.0,6.0,31.833333333333332,75.66666666666667,3.3333333333333335,1.0,1318,199.0,-22.0,0.030456852791878177,12.0,0.16666666666666666,0.10152284263959392
A-8ae3fc,Company_495,DevTools,CA,2024-06-28,ads,Pro,9,False,False,S-f20079,Basic,20,380,4560,monthly,True,626,0,0,31.0,10.333333333333334,1734.0,0.0,0.0,3.0,4.0,39.5,65.5,3.5,0.0,797,19.0,11.0,0.024691358024691357,10.333333333333334,0.0,0.08641975308641975
A-55f257,Company_496,FinTech,US,2023-12-21,organic,Basic,9,False,False,S-19edee,Enterprise,21,4179,50148,monthly,False,745,3,0,55.0,9.166666666666666,3727.5,0.0,0.0,6.0,6.0,43.166666666666664,114.5,5.0,0.0,987,199.0,25.0,0.022641509433962266,9.166666666666666,0.0,0.11320754716981132
A-d26ab4,Company_497,DevTools,UK,2024-11-07,organic,Basic,9,False,True,S-86571c,Enterprise,33,6567,78804,monthly,True,615,0,1,21.0,7.0,2876.0,4.0,0.0,3.0,2.0,49.5,110.0,4.0,0.0,665,199.0,3.0,0.019801980198019802,7.0,0.19047619047619047,0.07920792079207921
A-712533,Company_498,EdTech,US,2023-07-31,organic,Pro,18,False,False,S-906b0c,Pro,18,882,10584,monthly,False,637,1,0,12.0,12.0,5256.0,0.0,0.0,1.0,5.0,37.4,97.2,3.75,0.0,1130,49.0,-13.0,0.026041666666666668,12.0,0.0,0.09765625
A-781cc0,Company_499,EdTech,US,2024-09-04,organic,Pro,12,False,False,S-0896f4,Basic,12,228,2736,annual,True,634,2,0,148.0,9.25,3341.5625,8.0,1.0,13.0,4.0,57.5,106.0,3.6666666666666665,0.0,729,19.0,112.0,0.017094017094017096,11.384615384615385,0.05405405405405406,0.06267806267806268
